"C_REGION";"L_REGION";"C_DEPT";"N_DEPT";"RATIO_DMA";"Annee";"TONNAGE_ DMA";"VA_POPANNEE"
"84";"Auvergne-Rhône-Alpes";"01";"Ain";"487,500000";"2009";"287065,55000";"588853"
"32";"Hauts-de-France";"02";"Aisne";"509,060000";"2009";"274826,12000";"539870"
"84";"Auvergne-Rhône-Alpes";"03";"Allier";"502,330000";"2009";"172323,70000";"343046"
"93";"Provence-Alpes-Côte d'Azur";"04";"Alpes-de-Haute-Provence";"622,100000";"2009";"99193,08000";"159450"
"93";"Provence-Alpes-Côte d'Azur";"05";"Hautes-Alpes";"662,860000";"2009";"90040,01000";"135836"
"93";"Provence-Alpes-Côte d'Azur";"06";"Alpes-Maritimes";"673,920000";"2009";"727223,28000";"1079100"
"84";"Auvergne-Rhône-Alpes";"07";"Ardèche";"482,930000";"2009";"151436,61000";"313578"
"44";"Grand Est";"08";"Ardennes";"520,250000";"2009";"147383,39000";"283296"
"76";"Occitanie";"09";"Ariège";"656,270000";"2009";"99173,75000";"151117"
"44";"Grand Est";"10";"Aube";"527,930000";"2009";"160120,99000";"303298"
"76";"Occitanie";"11";"Aude";"617,220000";"2009";"218484,48000";"353980"
"76";"Occitanie";"12";"Aveyron";"478,350000";"2009";"132526,93000";"277048"
"93";"Provence-Alpes-Côte d'Azur";"13";"Bouches-du-Rhône";"601,310000";"2009";"1182965,29000";"1967299"
"28";"Normandie";"14";"Calvados";"621,970000";"2009";"423506,54000";"680908"
"84";"Auvergne-Rhône-Alpes";"15";"Cantal";"543,240000";"2009";"80606,36000";"148380"
"75";"Nouvelle-Aquitaine";"16";"Charente";"504,860000";"2009";"177491,59000";"351563"
"75";"Nouvelle-Aquitaine";"17";"Charente-Maritime";"651,080000";"2009";"401462,01000";"616607"
"24";"Centre-Val de Loire";"18";"Cher";"528,480000";"2009";"164367,90000";"311022"
"75";"Nouvelle-Aquitaine";"19";"Corrèze";"512,760000";"2009";"124780,92000";"243352"
"27";"Bourgogne-Franche-Comté";"21";"Cote-d'Or";"518,170000";"2009";"271593,67000";"524144"
"53";"Bretagne";"22";"Cotes-d'Armor";"624,360000";"2009";"366822,63000";"587519"
"75";"Nouvelle-Aquitaine";"23";"Creuse";"457,010000";"2009";"56478,61000";"123584"
"75";"Nouvelle-Aquitaine";"24";"Dordogne";"617,870000";"2009";"254612,49000";"412082"
"27";"Bourgogne-Franche-Comté";"25";"Doubs";"527,120000";"2009";"276884,01000";"525276"
"84";"Auvergne-Rhône-Alpes";"26";"Drôme";"500,410000";"2009";"241691,29000";"482984"
"28";"Normandie";"27";"Eure";"591,650000";"2009";"344824,21000";"582822"
"24";"Centre-Val de Loire";"28";"Eure-et-Loir";"515,310000";"2009";"219265,06000";"425502"
"53";"Bretagne";"29";"Finistère";"701,620000";"2009";"627184,71000";"893914"
"94";"Corse";"2A";"Corse-du-Sud";"607,080000";"2009";"85797,97000";"141330"
"94";"Corse";"2B";"Haute-Corse";"571,790000";"2009";"93970,38000";"164344"
"76";"Occitanie";"30";"Gard";"567,190000";"2009";"398102,37000";"701883"
"76";"Occitanie";"31";"Haute-Garonne";"487,190000";"2009";"599647,26000";"1230820"
"76";"Occitanie";"32";"Gers";"478,400000";"2009";"89547,67000";"187181"
"75";"Nouvelle-Aquitaine";"33";"Gironde";"556,120000";"2009";"797837,48000";"1434661"
"76";"Occitanie";"34";"Hérault";"638,120000";"2009";"658522,51000";"1031974"
"53";"Bretagne";"35";"Ille-et-Vilaine";"496,460000";"2009";"485261,41000";"977449"
"24";"Centre-Val de Loire";"36";"Indre";"515,890000";"2009";"119825,54000";"232268"
"24";"Centre-Val de Loire";"37";"Indre-et-Loire";"492,310000";"2009";"289687,12000";"588420"
"84";"Auvergne-Rhône-Alpes";"38";"Isère";"541,980000";"2009";"648769,97000";"1197038"
"27";"Bourgogne-Franche-Comté";"39";"Jura";"494,550000";"2009";"129214,41000";"261277"
"75";"Nouvelle-Aquitaine";"40";"Landes";"817,980000";"2009";"310292,04000";"379341"
"24";"Centre-Val de Loire";"41";"Loir-et-Cher";"528,600000";"2009";"173309,63000";"327868"
"84";"Auvergne-Rhône-Alpes";"42";"Loire";"484,990000";"2009";"361859,78000";"746115"
"84";"Auvergne-Rhône-Alpes";"43";"Haute-Loire";"420,540000";"2009";"93832,68000";"223122"
"52";"Pays de la Loire";"44";"Loire-Atlantique";"526,020000";"2009";"666123,64000";"1266358"
"24";"Centre-Val de Loire";"45";"Loiret";"517,130000";"2009";"337948,11000";"653510"
"76";"Occitanie";"46";"Lot";"528,720000";"2009";"91765,25000";"173562"
"75";"Nouvelle-Aquitaine";"47";"Lot-et-Garonne";"530,750000";"2009";"174986,23000";"329697"
"76";"Occitanie";"48";"Lozère";"516,140000";"2009";"39826,60000";"77163"
"52";"Pays de la Loire";"49";"Maine-et-Loire";"459,940000";"2009";"358788,63000";"780082"
"28";"Normandie";"50";"Manche";"630,390000";"2009";"313784,12000";"497762"
"44";"Grand Est";"51";"Marne";"505,130000";"2009";"285975,49000";"566145"
"44";"Grand Est";"52";"Haute-Marne";"494,080000";"2009";"91511,09000";"185214"
"52";"Pays de la Loire";"53";"Mayenne";"498,070000";"2009";"151984,23000";"305147"
"44";"Grand Est";"54";"Meurthe-et-Moselle";"504,080000";"2009";"368492,16000";"731019"
"44";"Grand Est";"55";"Meuse";"457,370000";"2009";"88731,98000";"194003"
"53";"Bretagne";"56";"Morbihan";"586,450000";"2009";"420007,89000";"716182"
"44";"Grand Est";"57";"Moselle";"530,690000";"2009";"554517,21000";"1044898"
"27";"Bourgogne-Franche-Comté";"58";"Nièvre";"526,790000";"2009";"115999,56000";"220199"
"32";"Hauts-de-France";"59";"Nord";"565,350000";"2009";"1454047,96000";"2571940"
"32";"Hauts-de-France";"60";"Oise";"572,400000";"2009";"458786,05000";"801512"
"28";"Normandie";"61";"Orne";"540,350000";"2009";"157895,32000";"292210"
"32";"Hauts-de-France";"62";"Pas-de-Calais";"619,900000";"2009";"905832,29000";"1461257"
"84";"Auvergne-Rhône-Alpes";"63";"Puy-de-Dôme";"535,740000";"2009";"337201,11000";"629416"
"75";"Nouvelle-Aquitaine";"64";"Pyrénées-Atlantiques";"544,030000";"2009";"353811,22000";"650356"
"76";"Occitanie";"65";"Hautes-Pyrénées";"606,940000";"2009";"139396,32000";"229670"
"76";"Occitanie";"66";"Pyrénées-Orientales";"617,830000";"2009";"275486,09000";"445890"
"44";"Grand Est";"67";"Bas-Rhin";"478,880000";"2009";"524101,87000";"1094439"
"44";"Grand Est";"68";"Haut-Rhin";"504,380000";"2009";"377584,12000";"748614"
"84";"Auvergne-Rhône-Alpes";"69";"Rhône";"407,890000";"2009";"696947,60000";"1708671"
"27";"Bourgogne-Franche-Comté";"70";"Haute-Saône";"544,820000";"2009";"130316,62000";"239194"
"27";"Bourgogne-Franche-Comté";"71";"Saône-et-Loire";"539,290000";"2009";"299152,22000";"554720"
"52";"Pays de la Loire";"72";"Sarthe";"479,250000";"2009";"268885,86000";"561050"
"84";"Auvergne-Rhône-Alpes";"73";"Savoie";"655,870000";"2009";"269565,74000";"411007"
"84";"Auvergne-Rhône-Alpes";"74";"Haute-Savoie";"604,460000";"2009";"438716,43000";"725794"
"11";"Ile-de-France";"75";"Paris";"485,630000";"2009";"1084949,29000";"2234105"
"28";"Normandie";"76";"Seine-Maritime";"598,960000";"2009";"748768,95000";"1250120"
"11";"Ile-de-France";"77";"Seine-et-Marne";"517,170000";"2009";"679253,92000";"1313414"
"11";"Ile-de-France";"78";"Yvelines";"447,980000";"2009";"630558,13000";"1407560"
"75";"Nouvelle-Aquitaine";"79";"Deux-Sèvres";"513,250000";"2009";"188024,82000";"366339"
"32";"Hauts-de-France";"80";"Somme";"590,100000";"2009";"336222,15000";"569775"
"76";"Occitanie";"81";"Tarn";"481,690000";"2009";"180161,08000";"374018"
"76";"Occitanie";"82";"Tarn-et-Garonne";"480,110000";"2009";"114886,59000";"239291"
"93";"Provence-Alpes-Côte d'Azur";"83";"Var";"719,740000";"2009";"724996,53000";"1007303"
"93";"Provence-Alpes-Côte d'Azur";"84";"Vaucluse";"593,500000";"2009";"320527,06000";"540065"
"52";"Pays de la Loire";"85";"Vendée";"594,850000";"2009";"372621,31000";"626411"
"75";"Nouvelle-Aquitaine";"86";"Vienne";"509,980000";"2009";"217284,44000";"426066"
"75";"Nouvelle-Aquitaine";"87";"Haute-Vienne";"480,640000";"2009";"180167,98000";"374849"
"44";"Grand Est";"88";"Vosges";"496,070000";"2009";"188602,75000";"380192"
"27";"Bourgogne-Franche-Comté";"89";"Yonne";"519,430000";"2009";"178359,66000";"343377"
"27";"Bourgogne-Franche-Comté";"90";"Territoire-de-Belfort";"482,760000";"2009";"68774,75000";"142461"
"11";"Ile-de-France";"91";"Essonne";"488,710000";"2009";"590367,22000";"1208004"
"11";"Ile-de-France";"92";"Hauts-de-seine";"405,120000";"2009";"632689,37000";"1561745"
"11";"Ile-de-France";"93";"Seine-Saint-Denis";"429,660000";"2009";"651351,16000";"1515983"
"11";"Ile-de-France";"94";"Val-de-Marne";"417,620000";"2009";"550652,03000";"1318537"
"11";"Ile-de-France";"95";"Val-d'Oise";"462,920000";"2009";"541103,77000";"1168892"
"97";"DROM-COM";"971";"Guadeloupe";"509,860000";"2009";"204734,55000";"401554"
"97";"DROM-COM";"972";"Martinique";"454,740000";"2009";"180262,28000";"396404"
"97";"DROM-COM";"973";"Guyane";"415,170000";"2009";"93193,09000";"224469"
"97";"DROM-COM";"974";"La Réunion";"565,700000";"2009";"461815,75000";"816364"
"84";"Auvergne-Rhône-Alpes";"01";"Ain";"490,830000";"2011";"296374,03000";"603827"
"32";"Hauts-de-France";"02";"Aisne";"518,140000";"2011";"280467,64000";"541302"
"84";"Auvergne-Rhône-Alpes";"03";"Allier";"503,750000";"2011";"172649,41000";"342729"
"93";"Provence-Alpes-Côte d'Azur";"04";"Alpes-de-Haute-Provence";"633,950000";"2011";"102040,17000";"160959"
"93";"Provence-Alpes-Côte d'Azur";"05";"Hautes-Alpes";"641,500000";"2011";"88915,50000";"138605"
"93";"Provence-Alpes-Côte d'Azur";"06";"Alpes-Maritimes";"697,190000";"2011";"753834,52000";"1081244"
"84";"Auvergne-Rhône-Alpes";"07";"Ardèche";"480,530000";"2011";"152462,27000";"317277"
"44";"Grand Est";"08";"Ardennes";"521,010000";"2011";"147501,89000";"283110"
"76";"Occitanie";"09";"Ariège";"640,780000";"2011";"97581,14000";"152286"
"44";"Grand Est";"10";"Aube";"538,120000";"2011";"163585,84000";"303997"
"76";"Occitanie";"11";"Aude";"600,080000";"2011";"216007,38000";"359967"
"76";"Occitanie";"12";"Aveyron";"463,660000";"2011";"127883,41000";"275813"
"93";"Provence-Alpes-Côte d'Azur";"13";"Bouches-du-Rhône";"597,990000";"2011";"1181556,37000";"1975896"
"28";"Normandie";"14";"Calvados";"627,540000";"2011";"430030,55000";"685262"
"84";"Auvergne-Rhône-Alpes";"15";"Cantal";"576,110000";"2011";"85021,30000";"147577"
"75";"Nouvelle-Aquitaine";"16";"Charente";"496,080000";"2011";"174970,70000";"352705"
"75";"Nouvelle-Aquitaine";"17";"Charente-Maritime";"651,140000";"2011";"407407,15000";"625682"
"24";"Centre-Val de Loire";"18";"Cher";"502,210000";"2011";"156536,59000";"311694"
"75";"Nouvelle-Aquitaine";"19";"Corrèze";"491,720000";"2011";"119219,46000";"242454"
"27";"Bourgogne-Franche-Comté";"21";"Cote-d'Or";"509,540000";"2011";"267984,42000";"525931"
"53";"Bretagne";"22";"Cotes-d'Armor";"621,100000";"2011";"369164,39000";"594375"
"75";"Nouvelle-Aquitaine";"23";"Creuse";"448,030000";"2011";"54910,70000";"122560"
"75";"Nouvelle-Aquitaine";"24";"Dordogne";"513,670000";"2011";"213260,33000";"415168"
"27";"Bourgogne-Franche-Comté";"25";"Doubs";"506,730000";"2011";"268112,11000";"529103"
"84";"Auvergne-Rhône-Alpes";"26";"Drôme";"506,960000";"2011";"247392,63000";"487993"
"28";"Normandie";"27";"Eure";"599,570000";"2011";"352612,22000";"588111"
"24";"Centre-Val de Loire";"28";"Eure-et-Loir";"568,150000";"2011";"244539,75000";"430416"
"53";"Bretagne";"29";"Finistère";"680,740000";"2011";"612580,73000";"899870"
"94";"Corse";"2A";"Corse-du-Sud";"596,930000";"2011";"87060,53000";"145846"
"94";"Corse";"2B";"Haute-Corse";"686,710000";"2011";"115806,83000";"168640"
"76";"Occitanie";"30";"Gard";"554,260000";"2011";"398155,24000";"718357"
"76";"Occitanie";"31";"Haute-Garonne";"471,720000";"2011";"594473,86000";"1260226"
"76";"Occitanie";"32";"Gers";"462,110000";"2011";"87288,83000";"188893"
"75";"Nouvelle-Aquitaine";"33";"Gironde";"559,310000";"2011";"818646,85000";"1463662"
"76";"Occitanie";"34";"Hérault";"620,510000";"2011";"659008,61000";"1062036"
"53";"Bretagne";"35";"Ille-et-Vilaine";"478,330000";"2011";"476630,17000";"996439"
"24";"Centre-Val de Loire";"36";"Indre";"514,550000";"2011";"118436,44000";"230175"
"24";"Centre-Val de Loire";"37";"Indre-et-Loire";"490,550000";"2011";"291229,55000";"593683"
"84";"Auvergne-Rhône-Alpes";"38";"Isère";"526,540000";"2011";"639851,69000";"1215212"
"27";"Bourgogne-Franche-Comté";"39";"Jura";"491,490000";"2011";"128422,56000";"261294"
"75";"Nouvelle-Aquitaine";"40";"Landes";"885,160000";"2011";"343379,70000";"387929"
"24";"Centre-Val de Loire";"41";"Loir-et-Cher";"517,920000";"2011";"171577,18000";"331280"
"84";"Auvergne-Rhône-Alpes";"42";"Loire";"475,710000";"2011";"356333,88000";"749053"
"84";"Auvergne-Rhône-Alpes";"43";"Haute-Loire";"449,350000";"2011";"101062,02000";"224907"
"52";"Pays de la Loire";"44";"Loire-Atlantique";"518,280000";"2011";"671882,09000";"1296364"
"24";"Centre-Val de Loire";"45";"Loiret";"504,300000";"2011";"332630,04000";"659587"
"76";"Occitanie";"46";"Lot";"518,230000";"2011";"90562,22000";"174754"
"75";"Nouvelle-Aquitaine";"47";"Lot-et-Garonne";"520,860000";"2011";"172335,11000";"330866"
"76";"Occitanie";"48";"Lozère";"508,550000";"2011";"39237,58000";"77156"
"52";"Pays de la Loire";"49";"Maine-et-Loire";"435,560000";"2011";"344241,36000";"790343"
"28";"Normandie";"50";"Manche";"642,340000";"2011";"320866,66000";"499531"
"44";"Grand Est";"51";"Marne";"494,590000";"2011";"280220,69000";"566571"
"44";"Grand Est";"52";"Haute-Marne";"459,090000";"2011";"83726,62000";"182375"
"52";"Pays de la Loire";"53";"Mayenne";"482,560000";"2011";"148162,19000";"307031"
"44";"Grand Est";"54";"Meurthe-et-Moselle";"500,590000";"2011";"366991,30000";"733124"
"44";"Grand Est";"55";"Meuse";"460,160000";"2011";"89066,82000";"193557"
"53";"Bretagne";"56";"Morbihan";"574,940000";"2011";"418027,48000";"727083"
"44";"Grand Est";"57";"Moselle";"525,940000";"2011";"549680,63000";"1045146"
"27";"Bourgogne-Franche-Comté";"58";"Nièvre";"520,320000";"2011";"113607,33000";"218341"
"32";"Hauts-de-France";"59";"Nord";"538,020000";"2011";"1387667,60000";"2579208"
"32";"Hauts-de-France";"60";"Oise";"603,540000";"2011";"486233,36000";"805642"
"28";"Normandie";"61";"Orne";"536,240000";"2011";"155986,44000";"290891"
"32";"Hauts-de-France";"62";"Pas-de-Calais";"634,200000";"2011";"927708,45000";"1462807"
"84";"Auvergne-Rhône-Alpes";"63";"Puy-de-Dôme";"520,640000";"2011";"330850,52000";"635469"
"75";"Nouvelle-Aquitaine";"64";"Pyrénées-Atlantiques";"545,930000";"2011";"358459,97000";"656608"
"76";"Occitanie";"65";"Hautes-Pyrénées";"580,080000";"2011";"132971,30000";"229228"
"76";"Occitanie";"66";"Pyrénées-Orientales";"659,860000";"2011";"298606,24000";"452530"
"44";"Grand Est";"67";"Bas-Rhin";"484,420000";"2011";"532507,13000";"1099269"
"44";"Grand Est";"68";"Haut-Rhin";"530,800000";"2011";"399719,34000";"753056"
"84";"Auvergne-Rhône-Alpes";"69";"Rhône";"408,410000";"2011";"712370,54000";"1744236"
"27";"Bourgogne-Franche-Comté";"70";"Haute-Saône";"496,740000";"2011";"119066,43000";"239695"
"27";"Bourgogne-Franche-Comté";"71";"Saône-et-Loire";"533,900000";"2011";"296846,51000";"555999"
"52";"Pays de la Loire";"72";"Sarthe";"474,820000";"2011";"268616,35000";"565718"
"84";"Auvergne-Rhône-Alpes";"73";"Savoie";"646,040000";"2011";"270658,41000";"418949"
"84";"Auvergne-Rhône-Alpes";"74";"Haute-Savoie";"601,690000";"2011";"449459,21000";"746994"
"11";"Ile-de-France";"75";"Paris";"484,090000";"2011";"1089201,02000";"2249975"
"28";"Normandie";"76";"Seine-Maritime";"583,310000";"2011";"729890,24000";"1251282"
"11";"Ile-de-France";"77";"Seine-et-Marne";"519,540000";"2011";"695372,99000";"1338427"
"11";"Ile-de-France";"78";"Yvelines";"454,940000";"2011";"643114,30000";"1413635"
"75";"Nouvelle-Aquitaine";"79";"Deux-Sèvres";"505,920000";"2011";"187666,32000";"370939"
"32";"Hauts-de-France";"80";"Somme";"574,580000";"2011";"328206,96000";"571211"
"76";"Occitanie";"81";"Tarn";"474,280000";"2011";"179124,34000";"377675"
"76";"Occitanie";"82";"Tarn-et-Garonne";"469,570000";"2011";"114831,46000";"244545"
"93";"Provence-Alpes-Côte d'Azur";"83";"Var";"725,890000";"2011";"735131,95000";"1012735"
"93";"Provence-Alpes-Côte d'Azur";"84";"Vaucluse";"615,800000";"2011";"336614,18000";"546630"
"52";"Pays de la Loire";"85";"Vendée";"586,860000";"2011";"376562,03000";"641657"
"75";"Nouvelle-Aquitaine";"86";"Vienne";"511,810000";"2011";"219282,99000";"428447"
"75";"Nouvelle-Aquitaine";"87";"Haute-Vienne";"483,920000";"2011";"181981,28000";"376058"
"44";"Grand Est";"88";"Vosges";"503,090000";"2011";"190586,49000";"378830"
"27";"Bourgogne-Franche-Comté";"89";"Yonne";"528,800000";"2011";"181093,60000";"342463"
"27";"Bourgogne-Franche-Comté";"90";"Territoire-de-Belfort";"513,340000";"2011";"73585,73000";"143348"
"11";"Ile-de-France";"91";"Essonne";"499,700000";"2011";"612227,71000";"1225191"
"11";"Ile-de-France";"92";"Hauts-de-seine";"398,040000";"2011";"629544,11000";"1581628"
"11";"Ile-de-France";"93";"Seine-Saint-Denis";"436,420000";"2011";"667686,61000";"1529928"
"11";"Ile-de-France";"94";"Val-de-Marne";"413,470000";"2011";"551443,33000";"1333702"
"11";"Ile-de-France";"95";"Val-d'Oise";"470,770000";"2011";"555681,83000";"1180365"
"97";"DROM-COM";"971";"Guadeloupe";"584,950000";"2011";"236693,12000";"404635"
"97";"DROM-COM";"972";"Martinique";"501,680000";"2011";"196805,08000";"392291"
"97";"DROM-COM";"973";"Guyane";"468,580000";"2011";"111309,67000";"237549"
"97";"DROM-COM";"974";"La Réunion";"628,010000";"2011";"520359,49000";"828581"
"84";"Auvergne-Rhône-Alpes";"01";"Ain";"475,550000";"2013";"294600,14000";"619497"
"32";"Hauts-de-France";"02";"Aisne";"521,530000";"2013";"281659,72000";"540067"
"84";"Auvergne-Rhône-Alpes";"03";"Allier";"521,850000";"2013";"179219,15000";"343431"
"93";"Provence-Alpes-Côte d'Azur";"04";"Alpes-de-Haute-Provence";"604,770000";"2013";"97921,21000";"161916"
"93";"Provence-Alpes-Côte d'Azur";"05";"Hautes-Alpes";"642,010000";"2013";"89418,13000";"139279"
"93";"Provence-Alpes-Côte d'Azur";"06";"Alpes-Maritimes";"680,790000";"2013";"735783,20000";"1080771"
"84";"Auvergne-Rhône-Alpes";"07";"Ardèche";"493,060000";"2013";"157964,75000";"320379"
"44";"Grand Est";"08";"Ardennes";"492,820000";"2013";"138436,59000";"280907"
"76";"Occitanie";"09";"Ariège";"619,040000";"2013";"94516,80000";"152684"
"44";"Grand Est";"10";"Aube";"497,480000";"2013";"152516,51000";"306581"
"76";"Occitanie";"11";"Aude";"607,080000";"2013";"221509,56000";"364877"
"76";"Occitanie";"12";"Aveyron";"459,390000";"2013";"127592,22000";"277740"
"93";"Provence-Alpes-Côte d'Azur";"13";"Bouches-du-Rhône";"569,250000";"2013";"1134614,56000";"1993177"
"28";"Normandie";"14";"Calvados";"616,890000";"2013";"425623,13000";"689945"
"84";"Auvergne-Rhône-Alpes";"15";"Cantal";"486,880000";"2013";"71588,63000";"147035"
"75";"Nouvelle-Aquitaine";"16";"Charente";"507,120000";"2013";"179259,38000";"353482"
"75";"Nouvelle-Aquitaine";"17";"Charente-Maritime";"643,040000";"2013";"407311,28000";"633417"
"24";"Centre-Val de Loire";"18";"Cher";"485,710000";"2013";"151370,75000";"311650"
"75";"Nouvelle-Aquitaine";"19";"Corrèze";"466,140000";"2013";"112238,82000";"240781"
"27";"Bourgogne-Franche-Comté";"21";"Cote-d'Or";"502,030000";"2013";"265953,57000";"529761"
"53";"Bretagne";"22";"Cotes-d'Armor";"632,060000";"2013";"377395,74000";"597085"
"75";"Nouvelle-Aquitaine";"23";"Creuse";"470,670000";"2013";"56891,39000";"120872"
"75";"Nouvelle-Aquitaine";"24";"Dordogne";"504,790000";"2013";"210452,56000";"416909"
"27";"Bourgogne-Franche-Comté";"25";"Doubs";"483,230000";"2013";"257714,83000";"533320"
"84";"Auvergne-Rhône-Alpes";"26";"Drôme";"507,840000";"2013";"251234,95000";"494712"
"28";"Normandie";"27";"Eure";"605,860000";"2013";"360513,26000";"595043"
"24";"Centre-Val de Loire";"28";"Eure-et-Loir";"525,040000";"2013";"227325,51000";"432967"
"53";"Bretagne";"29";"Finistère";"681,960000";"2013";"616437,85000";"903921"
"94";"Corse";"2A";"Corse-du-Sud";"676,800000";"2013";"101000,93000";"149234"
"94";"Corse";"2B";"Haute-Corse";"681,960000";"2013";"116596,78000";"170974"
"76";"Occitanie";"30";"Gard";"521,480000";"2013";"382346,14000";"733201"
"76";"Occitanie";"31";"Haute-Garonne";"445,850000";"2013";"578968,67000";"1298562"
"76";"Occitanie";"32";"Gers";"483,090000";"2013";"91920,28000";"190276"
"75";"Nouvelle-Aquitaine";"33";"Gironde";"542,430000";"2013";"816637,39000";"1505517"
"76";"Occitanie";"34";"Hérault";"608,920000";"2013";"665140,58000";"1092331"
"53";"Bretagne";"35";"Ille-et-Vilaine";"464,570000";"2013";"473823,04000";"1019923"
"24";"Centre-Val de Loire";"36";"Indre";"513,420000";"2013";"117107,27000";"228091"
"24";"Centre-Val de Loire";"37";"Indre-et-Loire";"473,180000";"2013";"284027,36000";"600252"
"84";"Auvergne-Rhône-Alpes";"38";"Isère";"512,430000";"2013";"633044,72000";"1235387"
"27";"Bourgogne-Franche-Comté";"39";"Jura";"483,910000";"2013";"126059,83000";"260502"
"75";"Nouvelle-Aquitaine";"40";"Landes";"754,990000";"2013";"299903,40000";"397226"
"24";"Centre-Val de Loire";"41";"Loir-et-Cher";"521,760000";"2013";"173223,88000";"332001"
"84";"Auvergne-Rhône-Alpes";"42";"Loire";"463,020000";"2013";"350372,96000";"756715"
"84";"Auvergne-Rhône-Alpes";"43";"Haute-Loire";"457,120000";"2013";"103401,38000";"226203"
"52";"Pays de la Loire";"44";"Loire-Atlantique";"504,090000";"2013";"669747,46000";"1328620"
"24";"Centre-Val de Loire";"45";"Loiret";"499,990000";"2013";"332784,38000";"665587"
"76";"Occitanie";"46";"Lot";"552,200000";"2013";"95949,16000";"173758"
"75";"Nouvelle-Aquitaine";"47";"Lot-et-Garonne";"525,370000";"2013";"175042,71000";"333180"
"76";"Occitanie";"48";"Lozère";"493,230000";"2013";"37785,06000";"76607"
"52";"Pays de la Loire";"49";"Maine-et-Loire";"445,400000";"2013";"356404,88000";"800191"
"28";"Normandie";"50";"Manche";"594,530000";"2013";"297216,16000";"499919"
"44";"Grand Est";"51";"Marne";"480,500000";"2013";"273883,34000";"569999"
"44";"Grand Est";"52";"Haute-Marne";"483,160000";"2013";"87704,52000";"181521"
"52";"Pays de la Loire";"53";"Mayenne";"471,780000";"2013";"145073,35000";"307500"
"44";"Grand Est";"54";"Meurthe-et-Moselle";"477,390000";"2013";"348973,42000";"731004"
"44";"Grand Est";"55";"Meuse";"455,050000";"2013";"87412,37000";"192094"
"53";"Bretagne";"56";"Morbihan";"566,860000";"2013";"418214,70000";"737778"
"44";"Grand Est";"57";"Moselle";"513,400000";"2013";"537464,75000";"1046873"
"27";"Bourgogne-Franche-Comté";"58";"Nièvre";"492,560000";"2013";"106008,94000";"215221"
"32";"Hauts-de-France";"59";"Nord";"526,070000";"2013";"1365437,95000";"2595536"
"32";"Hauts-de-France";"60";"Oise";"554,110000";"2013";"451819,59000";"815400"
"28";"Normandie";"61";"Orne";"561,680000";"2013";"162240,22000";"288848"
"32";"Hauts-de-France";"62";"Pas-de-Calais";"603,160000";"2013";"883750,91000";"1465205"
"84";"Auvergne-Rhône-Alpes";"63";"Puy-de-Dôme";"483,430000";"2013";"309880,55000";"640999"
"75";"Nouvelle-Aquitaine";"64";"Pyrénées-Atlantiques";"536,230000";"2013";"356086,96000";"664057"
"76";"Occitanie";"65";"Hautes-Pyrénées";"527,500000";"2013";"120727,15000";"228868"
"76";"Occitanie";"66";"Pyrénées-Orientales";"644,220000";"2013";"298081,90000";"462705"
"44";"Grand Est";"67";"Bas-Rhin";"455,330000";"2013";"505165,16000";"1109460"
"44";"Grand Est";"68";"Haut-Rhin";"513,880000";"2013";"389892,20000";"758723"
"84";"Auvergne-Rhône-Alpes";"69";"Rhône";"388,730000";"2013";"691879,95000";"1779845"
"27";"Bourgogne-Franche-Comté";"70";"Haute-Saône";"458,700000";"2013";"109609,51000";"238956"
"27";"Bourgogne-Franche-Comté";"71";"Saône-et-Loire";"510,490000";"2013";"283947,71000";"556222"
"52";"Pays de la Loire";"72";"Sarthe";"457,420000";"2013";"260285,40000";"569035"
"84";"Auvergne-Rhône-Alpes";"73";"Savoie";"640,370000";"2013";"271334,36000";"423715"
"84";"Auvergne-Rhône-Alpes";"74";"Haute-Savoie";"599,470000";"2013";"461401,60000";"769677"
"11";"Ile-de-France";"75";"Paris";"468,160000";"2013";"1043826,07000";"2229621"
"28";"Normandie";"76";"Seine-Maritime";"603,130000";"2013";"756687,88000";"1254609"
"11";"Ile-de-France";"77";"Seine-et-Marne";"497,790000";"2013";"679579,02000";"1365200"
"11";"Ile-de-France";"78";"Yvelines";"441,390000";"2013";"626109,20000";"1418484"
"75";"Nouvelle-Aquitaine";"79";"Deux-Sèvres";"507,740000";"2013";"188693,60000";"371632"
"32";"Hauts-de-France";"80";"Somme";"549,770000";"2013";"314289,27000";"571675"
"76";"Occitanie";"81";"Tarn";"477,990000";"2013";"182557,34000";"381927"
"76";"Occitanie";"82";"Tarn-et-Garonne";"466,230000";"2013";"116715,75000";"250342"
"93";"Provence-Alpes-Côte d'Azur";"83";"Var";"709,260000";"2013";"729529,12000";"1028583"
"93";"Provence-Alpes-Côte d'Azur";"84";"Vaucluse";"571,740000";"2013";"314425,99000";"549949"
"52";"Pays de la Loire";"85";"Vendée";"580,140000";"2013";"380287,99000";"655506"
"75";"Nouvelle-Aquitaine";"86";"Vienne";"507,940000";"2013";"219047,52000";"431248"
"75";"Nouvelle-Aquitaine";"87";"Haute-Vienne";"468,140000";"2013";"175952,15000";"375856"
"44";"Grand Est";"88";"Vosges";"510,170000";"2013";"191428,41000";"375226"
"27";"Bourgogne-Franche-Comté";"89";"Yonne";"515,690000";"2013";"176097,87000";"341483"
"27";"Bourgogne-Franche-Comté";"90";"Territoire-de-Belfort";"499,970000";"2013";"72154,84000";"144318"
"11";"Ile-de-France";"91";"Essonne";"474,560000";"2013";"595063,30000";"1253931"
"11";"Ile-de-France";"92";"Hauts-de-seine";"387,000000";"2013";"615867,95000";"1591403"
"11";"Ile-de-France";"93";"Seine-Saint-Denis";"435,880000";"2013";"676703,36000";"1552482"
"11";"Ile-de-France";"94";"Val-de-Marne";"393,520000";"2013";"532824,90000";"1354005"
"11";"Ile-de-France";"95";"Val-d'Oise";"460,910000";"2013";"550645,88000";"1194681"
"97";"DROM-COM";"971";"Guadeloupe";"652,440000";"2013";"262360,40000";"402119"
"97";"DROM-COM";"972";"Martinique";"503,080000";"2013";"193962,88000";"385551"
"97";"DROM-COM";"973";"Guyane";"285,110000";"2013";"69600,39000";"244118"
"97";"DROM-COM";"974";"La Réunion";"604,090000";"2013";"504480,58000";"835103"
"84";"Auvergne-Rhône-Alpes";"01";"Ain";"459,540000";"2015";"290370,66000";"631877"
"32";"Hauts-de-France";"02";"Aisne";"495,570000";"2015";"266966,98000";"538707"
"84";"Auvergne-Rhône-Alpes";"03";"Allier";"532,750000";"2015";"181995,59000";"341613"
"93";"Provence-Alpes-Côte d'Azur";"04";"Alpes-de-Haute-Provence";"637,980000";"2015";"103224,83000";"161799"
"93";"Provence-Alpes-Côte d'Azur";"05";"Hautes-Alpes";"644,660000";"2015";"90843,37000";"140916"
"93";"Provence-Alpes-Côte d'Azur";"06";"Alpes-Maritimes";"697,710000";"2015";"755224,74000";"1082440"
"84";"Auvergne-Rhône-Alpes";"07";"Ardèche";"515,200000";"2015";"167033,79000";"324209"
"44";"Grand Est";"08";"Ardennes";"514,750000";"2015";"142971,98000";"277752"
"76";"Occitanie";"09";"Ariège";"648,270000";"2015";"98860,60000";"152499"
"44";"Grand Est";"10";"Aube";"472,010000";"2015";"145876,26000";"309056"
"76";"Occitanie";"11";"Aude";"606,280000";"2015";"222480,39000";"366957"
"76";"Occitanie";"12";"Aveyron";"470,890000";"2015";"131458,25000";"279169"
"93";"Provence-Alpes-Côte d'Azur";"13";"Bouches-du-Rhône";"556,070000";"2015";"1121372,99000";"2016622"
"28";"Normandie";"14";"Calvados";"604,810000";"2015";"419482,45000";"693579"
"84";"Auvergne-Rhône-Alpes";"15";"Cantal";"506,780000";"2015";"74101,23000";"146219"
"75";"Nouvelle-Aquitaine";"16";"Charente";"511,710000";"2015";"180947,46000";"353613"
"75";"Nouvelle-Aquitaine";"17";"Charente-Maritime";"638,630000";"2015";"408686,19000";"639938"
"24";"Centre-Val de Loire";"18";"Cher";"496,050000";"2015";"153274,81000";"308992"
"75";"Nouvelle-Aquitaine";"19";"Corrèze";"492,120000";"2015";"119029,69000";"241871"
"27";"Bourgogne-Franche-Comté";"21";"Cote-d'Or";"493,760000";"2015";"263245,15000";"533147"
"53";"Bretagne";"22";"Cotes-d'Armor";"663,060000";"2015";"396744,87000";"598357"
"75";"Nouvelle-Aquitaine";"23";"Creuse";"472,210000";"2015";"56837,95000";"120365"
"75";"Nouvelle-Aquitaine";"24";"Dordogne";"506,140000";"2015";"210259,63000";"415417"
"27";"Bourgogne-Franche-Comté";"25";"Doubs";"461,360000";"2015";"247732,77000";"536959"
"84";"Auvergne-Rhône-Alpes";"26";"Drôme";"507,420000";"2015";"256061,62000";"504637"
"28";"Normandie";"27";"Eure";"575,440000";"2015";"346384,85000";"601948"
"24";"Centre-Val de Loire";"28";"Eure-et-Loir";"554,360000";"2015";"240609,56000";"434035"
"53";"Bretagne";"29";"Finistère";"674,880000";"2015";"612650,65000";"907796"
"94";"Corse";"2A";"Corse-du-Sud";"695,120000";"2015";"106165,53000";"152730"
"94";"Corse";"2B";"Haute-Corse";"599,060000";"2015";"104567,43000";"174553"
"76";"Occitanie";"30";"Gard";"581,760000";"2015";"429448,23000";"738189"
"76";"Occitanie";"31";"Haute-Garonne";"476,950000";"2015";"636778,67000";"1335103"
"76";"Occitanie";"32";"Gers";"489,960000";"2015";"93548,29000";"190932"
"75";"Nouvelle-Aquitaine";"33";"Gironde";"523,050000";"2015";"809926,57000";"1548478"
"76";"Occitanie";"34";"Hérault";"593,710000";"2015";"665070,01000";"1120190"
"53";"Bretagne";"35";"Ille-et-Vilaine";"469,930000";"2015";"490086,87000";"1042884"
"24";"Centre-Val de Loire";"36";"Indre";"490,560000";"2015";"109983,06000";"224200"
"24";"Centre-Val de Loire";"37";"Indre-et-Loire";"496,690000";"2015";"300478,41000";"604966"
"84";"Auvergne-Rhône-Alpes";"38";"Isère";"513,100000";"2015";"641923,68000";"1251060"
"27";"Bourgogne-Franche-Comté";"39";"Jura";"476,050000";"2015";"124053,29000";"260587"
"75";"Nouvelle-Aquitaine";"40";"Landes";"795,070000";"2015";"320600,37000";"403234"
"24";"Centre-Val de Loire";"41";"Loir-et-Cher";"513,040000";"2015";"170867,27000";"333050"
"84";"Auvergne-Rhône-Alpes";"42";"Loire";"483,370000";"2015";"367074,87000";"759411"
"84";"Auvergne-Rhône-Alpes";"43";"Haute-Loire";"464,000000";"2015";"105343,95000";"227034"
"52";"Pays de la Loire";"44";"Loire-Atlantique";"504,710000";"2015";"689530,93000";"1366203"
"24";"Centre-Val de Loire";"45";"Loiret";"489,000000";"2015";"329267,82000";"673349"
"76";"Occitanie";"46";"Lot";"564,920000";"2015";"97957,44000";"173400"
"75";"Nouvelle-Aquitaine";"47";"Lot-et-Garonne";"532,180000";"2015";"177437,19000";"333417"
"76";"Occitanie";"48";"Lozère";"523,350000";"2015";"39936,19000";"76309"
"52";"Pays de la Loire";"49";"Maine-et-Loire";"444,100000";"2015";"359368,27000";"809210"
"28";"Normandie";"50";"Manche";"642,340000";"2015";"320712,20000";"499287"
"44";"Grand Est";"51";"Marne";"482,730000";"2015";"276241,15000";"572245"
"44";"Grand Est";"52";"Haute-Marne";"483,940000";"2015";"86698,90000";"179154"
"52";"Pays de la Loire";"53";"Mayenne";"496,230000";"2015";"152810,45000";"307940"
"44";"Grand Est";"54";"Meurthe-et-Moselle";"434,480000";"2015";"319082,47000";"734403"
"44";"Grand Est";"55";"Meuse";"451,210000";"2015";"86012,00000";"190626"
"53";"Bretagne";"56";"Morbihan";"573,210000";"2015";"426935,00000";"744813"
"44";"Grand Est";"57";"Moselle";"513,590000";"2015";"536437,01000";"1044486"
"27";"Bourgogne-Franche-Comté";"58";"Nièvre";"489,140000";"2015";"103574,88000";"211747"
"32";"Hauts-de-France";"59";"Nord";"525,310000";"2015";"1368546,32000";"2605238"
"32";"Hauts-de-France";"60";"Oise";"549,500000";"2015";"451441,64000";"821552"
"28";"Normandie";"61";"Orne";"551,630000";"2015";"158105,71000";"286618"
"32";"Hauts-de-France";"62";"Pas-de-Calais";"592,080000";"2015";"871921,60000";"1472648"
"84";"Auvergne-Rhône-Alpes";"63";"Puy-de-Dôme";"472,120000";"2015";"305699,42000";"647501"
"75";"Nouvelle-Aquitaine";"64";"Pyrénées-Atlantiques";"543,660000";"2015";"364272,70000";"670032"
"76";"Occitanie";"65";"Hautes-Pyrénées";"571,470000";"2015";"130628,18000";"228582"
"76";"Occitanie";"66";"Pyrénées-Orientales";"630,040000";"2015";"296772,89000";"471038"
"44";"Grand Est";"67";"Bas-Rhin";"449,800000";"2015";"502277,17000";"1116658"
"44";"Grand Est";"68";"Haut-Rhin";"482,010000";"2015";"367586,05000";"762607"
"84";"Auvergne-Rhône-Alpes";"69";"Rhône";"385,110000";"2015";"701667,79000";"1821995"
"27";"Bourgogne-Franche-Comté";"70";"Haute-Saône";"517,330000";"2015";"122972,79000";"237706"
"27";"Bourgogne-Franche-Comté";"71";"Saône-et-Loire";"499,810000";"2015";"277597,54000";"555408"
"52";"Pays de la Loire";"72";"Sarthe";"444,560000";"2015";"252706,49000";"568445"
"84";"Auvergne-Rhône-Alpes";"73";"Savoie";"637,290000";"2015";"272889,06000";"428204"
"84";"Auvergne-Rhône-Alpes";"74";"Haute-Savoie";"583,400000";"2015";"463181,46000";"793938"
"11";"Ile-de-France";"75";"Paris";"464,970000";"2015";"1025957,26000";"2206488"
"28";"Normandie";"76";"Seine-Maritime";"572,920000";"2015";"720559,28000";"1257699"
"11";"Ile-de-France";"77";"Seine-et-Marne";"478,810000";"2015";"665602,41000";"1390121"
"11";"Ile-de-France";"78";"Yvelines";"445,690000";"2015";"636127,28000";"1427291"
"75";"Nouvelle-Aquitaine";"79";"Deux-Sèvres";"510,670000";"2015";"191213,43000";"374435"
"32";"Hauts-de-France";"80";"Somme";"539,100000";"2015";"308298,37000";"571879"
"76";"Occitanie";"81";"Tarn";"503,570000";"2015";"194649,69000";"386543"
"76";"Occitanie";"82";"Tarn-et-Garonne";"507,260000";"2015";"129489,49000";"255274"
"93";"Provence-Alpes-Côte d'Azur";"83";"Var";"717,320000";"2015";"752217,33000";"1048652"
"93";"Provence-Alpes-Côte d'Azur";"84";"Vaucluse";"584,260000";"2015";"325751,57000";"557548"
"52";"Pays de la Loire";"85";"Vendée";"577,190000";"2015";"384817,51000";"666714"
"75";"Nouvelle-Aquitaine";"86";"Vienne";"497,880000";"2015";"216522,03000";"434887"
"75";"Nouvelle-Aquitaine";"87";"Haute-Vienne";"470,290000";"2015";"176733,84000";"375795"
"44";"Grand Est";"88";"Vosges";"496,270000";"2015";"184619,32000";"372016"
"27";"Bourgogne-Franche-Comté";"89";"Yonne";"510,370000";"2015";"173987,02000";"340903"
"27";"Bourgogne-Franche-Comté";"90";"Territoire-de-Belfort";"437,860000";"2015";"63263,35000";"144483"
"11";"Ile-de-France";"91";"Essonne";"453,260000";"2015";"578461,04000";"1276233"
"11";"Ile-de-France";"92";"Hauts-de-seine";"362,480000";"2015";"580539,90000";"1601569"
"11";"Ile-de-France";"93";"Seine-Saint-Denis";"422,200000";"2015";"672425,51000";"1592663"
"11";"Ile-de-France";"94";"Val-de-Marne";"390,660000";"2015";"536132,70000";"1372389"
"11";"Ile-de-France";"95";"Val-d'Oise";"454,050000";"2015";"551844,41000";"1215390"
"97";"DROM-COM";"971";"Guadeloupe";"533,750000";"2015";"212425,71000";"397990"
"97";"DROM-COM";"972";"Martinique";"499,790000";"2015";"190360,41000";"380877"
"97";"DROM-COM";"973";"Guyane";"424,130000";"2015";"110215,55000";"259865"
"97";"DROM-COM";"974";"La Réunion";"557,460000";"2015";"474250,03000";"850727"
"97";"DROM-COM";"976";"Mayotte";"248,070000";"2015";"52750,16000";"212645"
"84";"Auvergne-Rhône-Alpes";"01";"Ain";"461,930000";"2017";"297185,71000";"643350"
"32";"Hauts-de-France";"02";"Aisne";"527,390000";"2017";"281907,86000";"534531"
"84";"Auvergne-Rhône-Alpes";"03";"Allier";"548,150000";"2017";"185266,68000";"337988"
"93";"Provence-Alpes-Côte d'Azur";"04";"Alpes-de-Haute-Provence";"642,440000";"2017";"105306,16000";"163915"
"93";"Provence-Alpes-Côte d'Azur";"05";"Hautes-Alpes";"628,140000";"2017";"88745,53000";"141284"
"93";"Provence-Alpes-Côte d'Azur";"06";"Alpes-Maritimes";"693,320000";"2017";"751083,30000";"1083310"
"84";"Auvergne-Rhône-Alpes";"07";"Ardèche";"521,830000";"2017";"169967,66000";"325712"
"44";"Grand Est";"08";"Ardennes";"524,360000";"2017";"143455,15000";"273579"
"76";"Occitanie";"09";"Ariège";"671,140000";"2017";"102787,55000";"153153"
"44";"Grand Est";"10";"Aube";"498,120000";"2017";"154425,69000";"310020"
"76";"Occitanie";"11";"Aude";"612,630000";"2017";"226831,33000";"370260"
"76";"Occitanie";"12";"Aveyron";"501,290000";"2017";"139964,50000";"279206"
"93";"Provence-Alpes-Côte d'Azur";"13";"Bouches-du-Rhône";"569,270000";"2017";"1152297,00000";"2024162"
"28";"Normandie";"14";"Calvados";"646,590000";"2017";"449078,40000";"694534"
"84";"Auvergne-Rhône-Alpes";"15";"Cantal";"515,540000";"2017";"74826,46000";"145143"
"75";"Nouvelle-Aquitaine";"16";"Charente";"525,560000";"2017";"185173,06000";"352335"
"75";"Nouvelle-Aquitaine";"17";"Charente-Maritime";"650,770000";"2017";"419292,55000";"644303"
"24";"Centre-Val de Loire";"18";"Cher";"524,340000";"2017";"159533,54000";"304256"
"75";"Nouvelle-Aquitaine";"19";"Corrèze";"532,240000";"2017";"128517,18000";"241464"
"27";"Bourgogne-Franche-Comté";"21";"Cote-d'Or";"494,970000";"2017";"264225,28000";"533819"
"53";"Bretagne";"22";"Cotes-d'Armor";"729,660000";"2017";"436930,28000";"598814"
"75";"Nouvelle-Aquitaine";"23";"Creuse";"512,840000";"2017";"60842,54000";"118638"
"75";"Nouvelle-Aquitaine";"24";"Dordogne";"553,220000";"2017";"228815,83000";"413606"
"27";"Bourgogne-Franche-Comté";"25";"Doubs";"447,910000";"2017";"241451,53000";"539067"
"84";"Auvergne-Rhône-Alpes";"26";"Drôme";"514,740000";"2017";"263314,53000";"511553"
"28";"Normandie";"27";"Eure";"555,870000";"2017";"334547,89000";"601843"
"24";"Centre-Val de Loire";"28";"Eure-et-Loir";"566,630000";"2017";"245484,24000";"433233"
"53";"Bretagne";"29";"Finistère";"693,840000";"2017";"630721,95000";"909028"
"94";"Corse";"2A";"Corse-du-Sud";"709,470000";"2017";"111564,19000";"157249"
"94";"Corse";"2B";"Haute-Corse";"653,680000";"2017";"116151,33000";"177689"
"76";"Occitanie";"30";"Gard";"576,780000";"2017";"429229,41000";"744178"
"76";"Occitanie";"31";"Haute-Garonne";"476,800000";"2017";"649727,65000";"1362672"
"76";"Occitanie";"32";"Gers";"494,960000";"2017";"94581,45000";"191091"
"75";"Nouvelle-Aquitaine";"33";"Gironde";"546,890000";"2017";"865942,78000";"1583384"
"76";"Occitanie";"34";"Hérault";"592,140000";"2017";"677936,62000";"1144892"
"53";"Bretagne";"35";"Ille-et-Vilaine";"472,360000";"2017";"500792,25000";"1060199"
"24";"Centre-Val de Loire";"36";"Indre";"504,390000";"2017";"112091,53000";"222232"
"24";"Centre-Val de Loire";"37";"Indre-et-Loire";"507,880000";"2017";"308035,36000";"606511"
"84";"Auvergne-Rhône-Alpes";"38";"Isère";"508,430000";"2017";"639969,95000";"1258722"
"27";"Bourgogne-Franche-Comté";"39";"Jura";"491,440000";"2017";"127866,32000";"260188"
"75";"Nouvelle-Aquitaine";"40";"Landes";"833,970000";"2017";"339794,68000";"407444"
"24";"Centre-Val de Loire";"41";"Loir-et-Cher";"530,950000";"2017";"176230,47000";"331915"
"84";"Auvergne-Rhône-Alpes";"42";"Loire";"479,460000";"2017";"365797,89000";"762941"
"84";"Auvergne-Rhône-Alpes";"43";"Haute-Loire";"469,540000";"2017";"106719,34000";"227283"
"52";"Pays de la Loire";"44";"Loire-Atlantique";"497,090000";"2017";"693338,94000";"1394783"
"24";"Centre-Val de Loire";"45";"Loiret";"500,910000";"2017";"339668,25000";"678105"
"76";"Occitanie";"46";"Lot";"583,090000";"2017";"101356,90000";"173828"
"75";"Nouvelle-Aquitaine";"47";"Lot-et-Garonne";"554,020000";"2017";"184400,66000";"332842"
"76";"Occitanie";"48";"Lozère";"510,290000";"2017";"39088,44000";"76601"
"52";"Pays de la Loire";"49";"Maine-et-Loire";"462,240000";"2017";"376085,17000";"813619"
"28";"Normandie";"50";"Manche";"648,140000";"2017";"321706,03000";"496351"
"44";"Grand Est";"51";"Marne";"489,030000";"2017";"278185,56000";"568854"
"44";"Grand Est";"52";"Haute-Marne";"490,310000";"2017";"86118,86000";"175640"
"52";"Pays de la Loire";"53";"Mayenne";"520,890000";"2017";"160145,48000";"307445"
"44";"Grand Est";"54";"Meurthe-et-Moselle";"471,670000";"2017";"345963,53000";"733481"
"44";"Grand Est";"55";"Meuse";"480,820000";"2017";"90002,83000";"187187"
"53";"Bretagne";"56";"Morbihan";"583,650000";"2017";"438244,36000";"750863"
"44";"Grand Est";"57";"Moselle";"504,370000";"2017";"526319,50000";"1043522"
"27";"Bourgogne-Franche-Comté";"58";"Nièvre";"509,100000";"2017";"105476,76000";"207182"
"32";"Hauts-de-France";"59";"Nord";"512,860000";"2017";"1335678,98000";"2604361"
"32";"Hauts-de-France";"60";"Oise";"568,690000";"2017";"468888,09000";"824503"
"28";"Normandie";"61";"Orne";"563,440000";"2017";"159661,71000";"283372"
"32";"Hauts-de-France";"62";"Pas-de-Calais";"650,880000";"2017";"955505,05000";"1468018"
"84";"Auvergne-Rhône-Alpes";"63";"Puy-de-Dôme";"470,470000";"2017";"307564,40000";"653742"
"75";"Nouvelle-Aquitaine";"64";"Pyrénées-Atlantiques";"544,400000";"2017";"368730,28000";"677309"
"76";"Occitanie";"65";"Hautes-Pyrénées";"544,300000";"2017";"124389,73000";"228530"
"76";"Occitanie";"66";"Pyrénées-Orientales";"681,650000";"2017";"323411,54000";"474452"
"44";"Grand Est";"67";"Bas-Rhin";"440,340000";"2017";"495630,83000";"1125559"
"44";"Grand Est";"68";"Haut-Rhin";"510,020000";"2017";"389672,74000";"764030"
"84";"Auvergne-Rhône-Alpes";"69";"Rhône";"385,600000";"2017";"710791,33000";"1843319"
"27";"Bourgogne-Franche-Comté";"70";"Haute-Saône";"494,820000";"2017";"117102,80000";"236659"
"27";"Bourgogne-Franche-Comté";"71";"Saône-et-Loire";"509,360000";"2017";"281980,23000";"553595"
"52";"Pays de la Loire";"72";"Sarthe";"474,350000";"2017";"268720,16000";"566506"
"84";"Auvergne-Rhône-Alpes";"73";"Savoie";"620,230000";"2017";"267426,89000";"431174"
"84";"Auvergne-Rhône-Alpes";"74";"Haute-Savoie";"582,390000";"2017";"470196,69000";"807360"
"11";"Ile-de-France";"75";"Paris";"477,290000";"2017";"1044088,45000";"2187526"
"28";"Normandie";"76";"Seine-Maritime";"589,760000";"2017";"739776,18000";"1254378"
"11";"Ile-de-France";"77";"Seine-et-Marne";"483,580000";"2017";"678951,53000";"1403997"
"11";"Ile-de-France";"78";"Yvelines";"455,840000";"2017";"655617,05000";"1438266"
"75";"Nouvelle-Aquitaine";"79";"Deux-Sèvres";"501,300000";"2017";"187661,52000";"374351"
"32";"Hauts-de-France";"80";"Somme";"579,130000";"2017";"331520,13000";"572443"
"76";"Occitanie";"81";"Tarn";"512,950000";"2017";"198966,32000";"387890"
"76";"Occitanie";"82";"Tarn-et-Garonne";"525,640000";"2017";"135797,78000";"258349"
"93";"Provence-Alpes-Côte d'Azur";"83";"Var";"726,110000";"2017";"768756,60000";"1058740"
"93";"Provence-Alpes-Côte d'Azur";"84";"Vaucluse";"589,570000";"2017";"329850,92000";"559479"
"52";"Pays de la Loire";"85";"Vendée";"586,560000";"2017";"396075,71000";"675247"
"75";"Nouvelle-Aquitaine";"86";"Vienne";"502,840000";"2017";"219680,82000";"436876"
"75";"Nouvelle-Aquitaine";"87";"Haute-Vienne";"497,140000";"2017";"186141,10000";"374426"
"44";"Grand Est";"88";"Vosges";"506,970000";"2017";"186398,52000";"367673"
"27";"Bourgogne-Franche-Comté";"89";"Yonne";"520,000000";"2017";"175910,95000";"338291"
"27";"Bourgogne-Franche-Comté";"90";"Territoire-de-Belfort";"524,450000";"2017";"74797,71000";"142622"
"11";"Ile-de-France";"91";"Essonne";"465,900000";"2017";"603871,00000";"1296130"
"11";"Ile-de-France";"92";"Hauts-de-seine";"371,760000";"2017";"598268,96000";"1609306"
"11";"Ile-de-France";"93";"Seine-Saint-Denis";"431,480000";"2017";"700340,69000";"1623111"
"11";"Ile-de-France";"94";"Val-de-Marne";"392,740000";"2017";"545098,85000";"1387926"
"11";"Ile-de-France";"95";"Val-d'Oise";"453,460000";"2017";"557123,16000";"1228618"
"97";"DROM-COM";"971";"Guadeloupe";"668,550000";"2017";"260902,91000";"390253"
"97";"DROM-COM";"972";"Martinique";"528,870000";"2017";"197053,30000";"372594"
"97";"DROM-COM";"973";"Guyane";"390,010000";"2017";"104795,32000";"268700"
"97";"DROM-COM";"974";"La Réunion";"640,820000";"2017";"547038,39000";"853659"
"97";"DROM-COM";"976";"Mayotte";"221,260000";"2017";"56757,06000";"256518"
"84";"Auvergne-Rhône-Alpes";"01";"Ain";"471,290000";"2019";"307485,95000";"652432"
"32";"Hauts-de-France";"02";"Aisne";"538,770000";"2019";"286274,98000";"531345"
"84";"Auvergne-Rhône-Alpes";"03";"Allier";"529,410000";"2019";"177869,78000";"335975"
"93";"Provence-Alpes-Côte d'Azur";"04";"Alpes-de-Haute-Provence";"663,770000";"2019";"109063,13000";"164308"
"93";"Provence-Alpes-Côte d'Azur";"05";"Hautes-Alpes";"635,800000";"2019";"89787,83000";"141220"
"93";"Provence-Alpes-Côte d'Azur";"06";"Alpes-Maritimes";"692,540000";"2019";"757833,23000";"1094283"
"84";"Auvergne-Rhône-Alpes";"07";"Ardèche";"549,680000";"2019";"180449,38000";"328278"
"44";"Grand Est";"08";"Ardennes";"518,060000";"2019";"140177,83000";"270582"
"76";"Occitanie";"09";"Ariège";"699,720000";"2019";"107257,64000";"153287"
"44";"Grand Est";"10";"Aube";"505,280000";"2019";"156760,60000";"310242"
"76";"Occitanie";"11";"Aude";"613,120000";"2019";"229351,25000";"374070"
"76";"Occitanie";"12";"Aveyron";"507,670000";"2019";"141942,26000";"279595"
"93";"Provence-Alpes-Côte d'Azur";"13";"Bouches-du-Rhône";"553,930000";"2019";"1131730,73000";"2043110"
"28";"Normandie";"14";"Calvados";"654,180000";"2019";"454596,21000";"694905"
"84";"Auvergne-Rhône-Alpes";"15";"Cantal";"488,920000";"2019";"70742,76000";"144692"
"75";"Nouvelle-Aquitaine";"16";"Charente";"515,770000";"2019";"181560,03000";"352015"
"75";"Nouvelle-Aquitaine";"17";"Charente-Maritime";"664,050000";"2019";"432531,06000";"651358"
"24";"Centre-Val de Loire";"18";"Cher";"507,040000";"2019";"153279,83000";"302306"
"75";"Nouvelle-Aquitaine";"19";"Corrèze";"529,650000";"2019";"127155,06000";"240073"
"27";"Bourgogne-Franche-Comté";"21";"Cote-d'Or";"478,940000";"2019";"255811,93000";"534124"
"53";"Bretagne";"22";"Cotes-d'Armor";"718,580000";"2019";"431566,31000";"600582"
"75";"Nouvelle-Aquitaine";"23";"Creuse";"495,630000";"2019";"57799,06000";"116617"
"75";"Nouvelle-Aquitaine";"24";"Dordogne";"589,070000";"2019";"243416,83000";"413223"
"27";"Bourgogne-Franche-Comté";"25";"Doubs";"451,370000";"2019";"245534,70000";"543974"
"84";"Auvergne-Rhône-Alpes";"26";"Drôme";"540,420000";"2019";"279269,28000";"516762"
"28";"Normandie";"27";"Eure";"568,340000";"2019";"340722,12000";"599507"
"24";"Centre-Val de Loire";"28";"Eure-et-Loir";"512,510000";"2019";"221187,00000";"431575"
"53";"Bretagne";"29";"Finistère";"683,680000";"2019";"625632,93000";"915090"
"94";"Corse";"2A";"Corse-du-Sud";"766,100000";"2019";"121431,68000";"158507"
"94";"Corse";"2B";"Haute-Corse";"673,410000";"2019";"122514,86000";"181933"
"76";"Occitanie";"30";"Gard";"583,360000";"2019";"436610,19000";"748437"
"76";"Occitanie";"31";"Haute-Garonne";"470,550000";"2019";"658783,65000";"1400039"
"76";"Occitanie";"32";"Gers";"505,050000";"2019";"96654,58000";"191377"
"75";"Nouvelle-Aquitaine";"33";"Gironde";"548,580000";"2019";"890759,35000";"1623749"
"76";"Occitanie";"34";"Hérault";"583,560000";"2019";"686048,52000";"1175623"
"53";"Bretagne";"35";"Ille-et-Vilaine";"471,100000";"2019";"508554,06000";"1079498"
"24";"Centre-Val de Loire";"36";"Indre";"471,340000";"2019";"103373,29000";"219316"
"24";"Centre-Val de Loire";"37";"Indre-et-Loire";"489,980000";"2019";"298923,74000";"610079"
"84";"Auvergne-Rhône-Alpes";"38";"Isère";"499,040000";"2019";"634367,68000";"1271166"
"27";"Bourgogne-Franche-Comté";"39";"Jura";"476,650000";"2019";"123548,14000";"259199"
"75";"Nouvelle-Aquitaine";"40";"Landes";"886,610000";"2019";"366783,28000";"413690"
"24";"Centre-Val de Loire";"41";"Loir-et-Cher";"560,300000";"2019";"184601,23000";"329470"
"84";"Auvergne-Rhône-Alpes";"42";"Loire";"492,350000";"2019";"376960,47000";"765634"
"84";"Auvergne-Rhône-Alpes";"43";"Haute-Loire";"483,410000";"2019";"110010,66000";"227570"
"52";"Pays de la Loire";"44";"Loire-Atlantique";"501,400000";"2019";"716772,63000";"1429548"
"24";"Centre-Val de Loire";"45";"Loiret";"533,270000";"2019";"362855,11000";"680434"
"76";"Occitanie";"46";"Lot";"590,310000";"2019";"102769,13000";"174094"
"75";"Nouvelle-Aquitaine";"47";"Lot-et-Garonne";"579,520000";"2019";"191979,64000";"331271"
"76";"Occitanie";"48";"Lozère";"523,540000";"2019";"40105,59000";"76604"
"52";"Pays de la Loire";"49";"Maine-et-Loire";"416,930000";"2019";"341045,02000";"817997"
"28";"Normandie";"50";"Manche";"636,110000";"2019";"315158,76000";"495447"
"44";"Grand Est";"51";"Marne";"490,030000";"2019";"277774,07000";"566855"
"44";"Grand Est";"52";"Haute-Marne";"494,330000";"2019";"85278,20000";"172512"
"52";"Pays de la Loire";"53";"Mayenne";"588,940000";"2019";"180840,31000";"307062"
"44";"Grand Est";"54";"Meurthe-et-Moselle";"474,330000";"2019";"348046,84000";"733760"
"44";"Grand Est";"55";"Meuse";"461,780000";"2019";"85006,65000";"184083"
"53";"Bretagne";"56";"Morbihan";"608,620000";"2019";"462358,10000";"759684"
"44";"Grand Est";"57";"Moselle";"506,410000";"2019";"529975,90000";"1046543"
"27";"Bourgogne-Franche-Comté";"58";"Nièvre";"507,010000";"2019";"103660,22000";"204452"
"32";"Hauts-de-France";"59";"Nord";"510,060000";"2019";"1330412,35000";"2608346"
"32";"Hauts-de-France";"60";"Oise";"559,360000";"2019";"463945,82000";"829419"
"28";"Normandie";"61";"Orne";"555,070000";"2019";"155388,34000";"279942"
"32";"Hauts-de-France";"62";"Pas-de-Calais";"552,710000";"2019";"809873,96000";"1465278"
"84";"Auvergne-Rhône-Alpes";"63";"Puy-de-Dôme";"457,730000";"2019";"303085,76000";"662152"
"75";"Nouvelle-Aquitaine";"64";"Pyrénées-Atlantiques";"548,660000";"2019";"374526,57000";"682621"
"76";"Occitanie";"65";"Hautes-Pyrénées";"564,110000";"2019";"129507,28000";"229579"
"76";"Occitanie";"66";"Pyrénées-Orientales";"640,230000";"2019";"307296,03000";"479979"
"44";"Grand Est";"67";"Bas-Rhin";"444,180000";"2019";"506384,92000";"1140057"
"44";"Grand Est";"68";"Haut-Rhin";"527,730000";"2019";"404812,46000";"767086"
"84";"Auvergne-Rhône-Alpes";"69";"Rhône";"386,210000";"2019";"724427,39000";"1875747"
"27";"Bourgogne-Franche-Comté";"70";"Haute-Saône";"495,850000";"2019";"116680,95000";"235313"
"27";"Bourgogne-Franche-Comté";"71";"Saône-et-Loire";"495,750000";"2019";"273402,26000";"551493"
"52";"Pays de la Loire";"72";"Sarthe";"478,130000";"2019";"270819,83000";"566412"
"84";"Auvergne-Rhône-Alpes";"73";"Savoie";"632,390000";"2019";"275998,07000";"436434"
"84";"Auvergne-Rhône-Alpes";"74";"Haute-Savoie";"574,750000";"2019";"474798,68000";"826094"
"11";"Ile-de-France";"75";"Paris";"473,330000";"2019";"1024968,19000";"2165423"
"28";"Normandie";"76";"Seine-Maritime";"587,760000";"2019";"738012,17000";"1255633"
"11";"Ile-de-France";"77";"Seine-et-Marne";"474,230000";"2019";"673973,62000";"1421197"
"11";"Ile-de-France";"78";"Yvelines";"456,210000";"2019";"660689,98000";"1448207"
"75";"Nouvelle-Aquitaine";"79";"Deux-Sèvres";"498,990000";"2019";"187059,47000";"374878"
"32";"Hauts-de-France";"80";"Somme";"571,190000";"2019";"325896,48000";"570559"
"76";"Occitanie";"81";"Tarn";"539,590000";"2019";"210375,71000";"389881"
"76";"Occitanie";"82";"Tarn-et-Garonne";"529,190000";"2019";"137943,75000";"260669"
"93";"Provence-Alpes-Côte d'Azur";"83";"Var";"729,810000";"2019";"785797,68000";"1076711"
"93";"Provence-Alpes-Côte d'Azur";"84";"Vaucluse";"607,710000";"2019";"341210,59000";"561469"
"52";"Pays de la Loire";"85";"Vendée";"570,090000";"2019";"390765,71000";"685442"
"75";"Nouvelle-Aquitaine";"86";"Vienne";"500,760000";"2019";"219550,10000";"438435"
"75";"Nouvelle-Aquitaine";"87";"Haute-Vienne";"489,650000";"2019";"182325,32000";"372359"
"44";"Grand Est";"88";"Vosges";"508,750000";"2019";"185439,19000";"364499"
"27";"Bourgogne-Franche-Comté";"89";"Yonne";"517,560000";"2019";"173747,25000";"335707"
"27";"Bourgogne-Franche-Comté";"90";"Territoire-de-Belfort";"502,330000";"2019";"70987,96000";"141318"
"11";"Ile-de-France";"91";"Essonne";"486,350000";"2019";"633056,50000";"1301659"
"11";"Ile-de-France";"92";"Hauts-de-seine";"387,800000";"2019";"629928,76000";"1624357"
"11";"Ile-de-France";"93";"Seine-Saint-Denis";"432,480000";"2019";"711387,69000";"1644903"
"11";"Ile-de-France";"94";"Val-de-Marne";"388,040000";"2019";"546022,87000";"1407124"
"11";"Ile-de-France";"95";"Val-d'Oise";"463,440000";"2019";"579154,84000";"1249674"
"97";"DROM-COM";"971";"Guadeloupe";"639,180000";"2019";"245597,46000";"384239"
"97";"DROM-COM";"972";"Martinique";"537,880000";"2019";"196059,87000";"364508"
"97";"DROM-COM";"973";"Guyane";"382,020000";"2019";"107606,27000";"281678"
"97";"DROM-COM";"974";"La Réunion";"567,010000";"2019";"488312,58000";"861210"
"84";"Auvergne-Rhône-Alpes";"01";"Ain";"503,650000";"2021";"334022,91000";"663202"
"32";"Hauts-de-France";"02";"Aisne";"558,580000";"2021";"294634,12000";"527468"
"84";"Auvergne-Rhône-Alpes";"03";"Allier";"567,610000";"2021";"190075,68000";"334872"
"93";"Provence-Alpes-Côte d'Azur";"04";"Alpes-de-Haute-Provence";"686,010000";"2021";"113930,97000";"166077"
"93";"Provence-Alpes-Côte d'Azur";"05";"Hautes-Alpes";"618,080000";"2021";"87134,09000";"140976"
"93";"Provence-Alpes-Côte d'Azur";"06";"Alpes-Maritimes";"686,940000";"2021";"758341,15000";"1103941"
"84";"Auvergne-Rhône-Alpes";"07";"Ardèche";"568,390000";"2021";"188374,12000";"331415"
"44";"Grand Est";"08";"Ardennes";"554,650000";"2021";"149123,77000";"268859"
"76";"Occitanie";"09";"Ariège";"654,470000";"2021";"101178,12000";"154596"
"44";"Grand Est";"10";"Aube";"512,610000";"2021";"159589,72000";"311329"
"76";"Occitanie";"11";"Aude";"635,700000";"2021";"239039,85000";"376028"
"76";"Occitanie";"12";"Aveyron";"546,510000";"2021";"152830,47000";"279649"
"93";"Provence-Alpes-Côte d'Azur";"13";"Bouches-du-Rhône";"560,200000";"2021";"1152292,21000";"2056943"
"28";"Normandie";"14";"Calvados";"664,320000";"2021";"465442,86000";"700633"
"84";"Auvergne-Rhône-Alpes";"15";"Cantal";"557,070000";"2021";"80344,56000";"144226"
"75";"Nouvelle-Aquitaine";"16";"Charente";"540,670000";"2021";"189703,67000";"350867"
"75";"Nouvelle-Aquitaine";"17";"Charente-Maritime";"670,860000";"2021";"443706,70000";"661404"
"24";"Centre-Val de Loire";"18";"Cher";"529,720000";"2021";"158690,92000";"299573"
"75";"Nouvelle-Aquitaine";"19";"Corrèze";"575,320000";"2021";"137952,99000";"239784"
"27";"Bourgogne-Franche-Comté";"21";"Cote-d'Or";"519,840000";"2021";"278374,76000";"535503"
"53";"Bretagne";"22";"Cotes-d'Armor";"738,720000";"2021";"447603,29000";"605917"
"75";"Nouvelle-Aquitaine";"23";"Creuse";"525,650000";"2021";"60818,78000";"115702"
"75";"Nouvelle-Aquitaine";"24";"Dordogne";"577,310000";"2021";"238850,78000";"413730"
"27";"Bourgogne-Franche-Comté";"25";"Doubs";"468,200000";"2021";"256148,03000";"547096"
"84";"Auvergne-Rhône-Alpes";"26";"Drôme";"564,070000";"2021";"293008,79000";"519458"
"28";"Normandie";"27";"Eure";"655,720000";"2021";"392731,64000";"598934"
"24";"Centre-Val de Loire";"28";"Eure-et-Loir";"609,130000";"2021";"262705,17000";"431277"
"53";"Bretagne";"29";"Finistère";"704,960000";"2021";"649721,47000";"921638"
"94";"Corse";"2A";"Corse-du-Sud";"770,440000";"2021";"125536,90000";"162942"
"94";"Corse";"2B";"Haute-Corse";"679,630000";"2021";"125497,40000";"184655"
"76";"Occitanie";"30";"Gard";"607,550000";"2021";"459635,34000";"756543"
"76";"Occitanie";"31";"Haute-Garonne";"473,950000";"2021";"679824,65000";"1434367"
"76";"Occitanie";"32";"Gers";"523,410000";"2021";"100724,41000";"192437"
"75";"Nouvelle-Aquitaine";"33";"Gironde";"551,460000";"2021";"912650,35000";"1654970"
"76";"Occitanie";"34";"Hérault";"590,090000";"2021";"709213,91000";"1201883"
"53";"Bretagne";"35";"Ille-et-Vilaine";"485,060000";"2021";"532754,94000";"1098325"
"24";"Centre-Val de Loire";"36";"Indre";"527,620000";"2021";"114614,29000";"217228"
"24";"Centre-Val de Loire";"37";"Indre-et-Loire";"521,510000";"2021";"319248,65000";"612160"
"84";"Auvergne-Rhône-Alpes";"38";"Isère";"516,270000";"2021";"663378,44000";"1284948"
"27";"Bourgogne-Franche-Comté";"39";"Jura";"519,630000";"2021";"134353,38000";"258555"
"75";"Nouvelle-Aquitaine";"40";"Landes";"891,640000";"2021";"377140,41000";"422976"
"24";"Centre-Val de Loire";"41";"Loir-et-Cher";"576,060000";"2021";"189237,07000";"328504"
"84";"Auvergne-Rhône-Alpes";"42";"Loire";"509,800000";"2021";"392050,10000";"769029"
"84";"Auvergne-Rhône-Alpes";"43";"Haute-Loire";"513,020000";"2021";"116600,86000";"227284"
"52";"Pays de la Loire";"44";"Loire-Atlantique";"521,330000";"2021";"759991,81000";"1457806"
"24";"Centre-Val de Loire";"45";"Loiret";"543,450000";"2021";"372024,90000";"684561"
"76";"Occitanie";"46";"Lot";"613,930000";"2021";"107401,45000";"174942"
"75";"Nouvelle-Aquitaine";"47";"Lot-et-Garonne";"600,600000";"2021";"198935,04000";"331229"
"76";"Occitanie";"48";"Lozère";"580,240000";"2021";"44399,09000";"76519"
"52";"Pays de la Loire";"49";"Maine-et-Loire";"453,660000";"2021";"374156,25000";"824743"
"28";"Normandie";"50";"Manche";"684,070000";"2021";"338963,16000";"495508"
"44";"Grand Est";"51";"Marne";"494,170000";"2021";"279349,00000";"565292"
"44";"Grand Est";"52";"Haute-Marne";"518,010000";"2021";"88601,03000";"171042"
"52";"Pays de la Loire";"53";"Mayenne";"566,010000";"2021";"173160,07000";"305933"
"44";"Grand Est";"54";"Meurthe-et-Moselle";"502,000000";"2021";"367711,10000";"732486"
"44";"Grand Est";"55";"Meuse";"469,460000";"2021";"85403,76000";"181919"
"53";"Bretagne";"56";"Morbihan";"617,390000";"2021";"474577,43000";"768687"
"44";"Grand Est";"57";"Moselle";"530,040000";"2021";"556506,10000";"1049942"
"27";"Bourgogne-Franche-Comté";"58";"Nièvre";"541,730000";"2021";"109655,16000";"202417"
"32";"Hauts-de-France";"59";"Nord";"574,050000";"2021";"1499023,91000";"2611293"
"32";"Hauts-de-France";"60";"Oise";"607,040000";"2021";"503139,17000";"828838"
"28";"Normandie";"61";"Orne";"592,560000";"2021";"164122,64000";"276973"
"32";"Hauts-de-France";"62";"Pas-de-Calais";"652,220000";"2021";"953183,83000";"1461441"
"84";"Auvergne-Rhône-Alpes";"63";"Puy-de-Dôme";"475,310000";"2021";"314793,88000";"662285"
"75";"Nouvelle-Aquitaine";"64";"Pyrénées-Atlantiques";"562,270000";"2021";"389667,93000";"693027"
"76";"Occitanie";"65";"Hautes-Pyrénées";"556,750000";"2021";"128585,73000";"230956"
"76";"Occitanie";"66";"Pyrénées-Orientales";"672,080000";"2021";"327508,16000";"487307"
"44";"Grand Est";"67";"Bas-Rhin";"452,900000";"2021";"522045,69000";"1152662"
"44";"Grand Est";"68";"Haut-Rhin";"490,930000";"2021";"376584,44000";"767083"
"84";"Auvergne-Rhône-Alpes";"69";"Rhône";"410,450000";"2021";"777266,76000";"1893692"
"27";"Bourgogne-Franche-Comté";"70";"Haute-Saône";"541,950000";"2021";"126977,54000";"234296"
"27";"Bourgogne-Franche-Comté";"71";"Saône-et-Loire";"540,590000";"2021";"296941,92000";"549288"
"52";"Pays de la Loire";"72";"Sarthe";"512,390000";"2021";"290041,80000";"566058"
"84";"Auvergne-Rhône-Alpes";"73";"Savoie";"580,070000";"2021";"256660,43000";"442468"
"84";"Auvergne-Rhône-Alpes";"74";"Haute-Savoie";"576,180000";"2021";"484848,15000";"841482"
"11";"Ile-de-France";"75";"Paris";"429,570000";"2021";"916328,44000";"2133111"
"28";"Normandie";"76";"Seine-Maritime";"609,490000";"2021";"765471,83000";"1255918"
"11";"Ile-de-France";"77";"Seine-et-Marne";"513,270000";"2021";"738140,68000";"1438100"
"11";"Ile-de-France";"78";"Yvelines";"467,230000";"2021";"680459,32000";"1456365"
"75";"Nouvelle-Aquitaine";"79";"Deux-Sèvres";"539,270000";"2021";"202002,69000";"374587"
"32";"Hauts-de-France";"80";"Somme";"630,290000";"2021";"356904,13000";"566252"
"76";"Occitanie";"81";"Tarn";"547,600000";"2021";"215521,49000";"393572"
"76";"Occitanie";"82";"Tarn-et-Garonne";"565,860000";"2021";"149034,76000";"263377"
"93";"Provence-Alpes-Côte d'Azur";"83";"Var";"739,140000";"2021";"809608,91000";"1095337"
"93";"Provence-Alpes-Côte d'Azur";"84";"Vaucluse";"623,160000";"2021";"351814,66000";"564566"
"52";"Pays de la Loire";"85";"Vendée";"584,080000";"2021";"408540,97000";"699459"
"75";"Nouvelle-Aquitaine";"86";"Vienne";"508,170000";"2021";"223283,74000";"439385"
"75";"Nouvelle-Aquitaine";"87";"Haute-Vienne";"490,000000";"2021";"182129,75000";"371691"
"44";"Grand Est";"88";"Vosges";"552,560000";"2021";"199294,87000";"360673"
"27";"Bourgogne-Franche-Comté";"89";"Yonne";"582,020000";"2021";"194036,14000";"333385"
"27";"Bourgogne-Franche-Comté";"90";"Territoire-de-Belfort";"603,270000";"2021";"84248,96000";"139654"
"11";"Ile-de-France";"91";"Essonne";"510,910000";"2021";"671219,90000";"1313768"
"11";"Ile-de-France";"92";"Hauts-de-seine";"392,350000";"2021";"641611,86000";"1635291"
"11";"Ile-de-France";"93";"Seine-Saint-Denis";"437,430000";"2021";"729919,27000";"1668670"
"11";"Ile-de-France";"94";"Val-de-Marne";"388,320000";"2021";"549621,00000";"1415367"
"11";"Ile-de-France";"95";"Val-d'Oise";"509,440000";"2021";"640160,04000";"1256607"
"97";"DROM-COM";"971";"Guadeloupe";"612,550000";"2021";"235410,90000";"384315"
"97";"DROM-COM";"972";"Martinique";"481,390000";"2021";"173660,09000";"360749"
"97";"DROM-COM";"974";"La Réunion";"595,060000";"2021";"518386,72000";"871157"
"84";"Auvergne-Rhône-Alpes";"01";"Ain";"463,870000";"2023";"315125,92000";"679344"
"32";"Hauts-de-France";"02";"Aisne";"500,350000";"2023";"261854,58000";"523342"
"84";"Auvergne-Rhône-Alpes";"03";"Allier";"512,680000";"2023";"170874,24000";"333298"
"93";"Provence-Alpes-Côte d'Azur";"04";"Alpes-de-Haute-Provence";"678,660000";"2023";"114051,34000";"168054"
"93";"Provence-Alpes-Côte d'Azur";"05";"Hautes-Alpes";"601,300000";"2023";"86266,30000";"143467"
"93";"Provence-Alpes-Côte d'Azur";"06";"Alpes-Maritimes";"646,930000";"2023";"730009,26000";"1128418"
"84";"Auvergne-Rhône-Alpes";"07";"Ardèche";"528,760000";"2023";"176727,30000";"334231"
"44";"Grand Est";"08";"Ardennes";"494,190000";"2023";"131400,78000";"265893"
"76";"Occitanie";"09";"Ariège";"625,660000";"2023";"97428,96000";"155722"
"44";"Grand Est";"10";"Aube";"495,640000";"2023";"153868,57000";"310447"
"76";"Occitanie";"11";"Aude";"582,620000";"2023";"221190,37000";"379648"
"76";"Occitanie";"12";"Aveyron";"514,430000";"2023";"143839,16000";"279609"
"93";"Provence-Alpes-Côte d'Azur";"13";"Bouches-du-Rhône";"507,220000";"2023";"1058903,31000";"2087658"
"28";"Normandie";"14";"Calvados";"613,780000";"2023";"435443,60000";"709441"
"84";"Auvergne-Rhône-Alpes";"15";"Cantal";"518,630000";"2023";"74784,84000";"144196"
"75";"Nouvelle-Aquitaine";"16";"Charente";"501,600000";"2023";"176906,13000";"352683"
"75";"Nouvelle-Aquitaine";"17";"Charente-Maritime";"625,870000";"2023";"420756,73000";"672279"
"24";"Centre-Val de Loire";"18";"Cher";"507,760000";"2023";"151647,70000";"298660"
"75";"Nouvelle-Aquitaine";"19";"Corrèze";"546,180000";"2023";"131534,70000";"240826"
"27";"Bourgogne-Franche-Comté";"21";"Cote-d'Or";"449,430000";"2023";"242738,44000";"540100"
"53";"Bretagne";"22";"Cotes-d'Armor";"685,920000";"2023";"419688,60000";"611859"
"75";"Nouvelle-Aquitaine";"23";"Creuse";"489,200000";"2023";"56515,33000";"115527"
"75";"Nouvelle-Aquitaine";"24";"Dordogne";"521,720000";"2023";"217878,48000";"417614"
"27";"Bourgogne-Franche-Comté";"25";"Doubs";"408,800000";"2023";"223681,31000";"547163"
"84";"Auvergne-Rhône-Alpes";"26";"Drôme";"518,580000";"2023";"271841,26000";"524207"
"28";"Normandie";"27";"Eure";"594,240000";"2023";"358155,09000";"602714"
"24";"Centre-Val de Loire";"28";"Eure-et-Loir";"454,440000";"2023";"196831,96000";"433129"
"53";"Bretagne";"29";"Finistère";"652,630000";"2023";"609199,55000";"933455"
"94";"Corse";"2A";"Corse-du-Sud";"634,880000";"2023";"106853,88000";"168306"
"94";"Corse";"2B";"Haute-Corse";"573,200000";"2023";"107291,20000";"187180"
"76";"Occitanie";"30";"Gard";"565,280000";"2023";"435793,69000";"770940"
"76";"Occitanie";"31";"Haute-Garonne";"434,330000";"2023";"639099,35000";"1471468"
"76";"Occitanie";"32";"Gers";"502,760000";"2023";"96854,50000";"192645"
"75";"Nouvelle-Aquitaine";"33";"Gironde";"519,440000";"2023";"878108,40000";"1690493"
"76";"Occitanie";"34";"Hérault";"552,680000";"2023";"679955,81000";"1230289"
"53";"Bretagne";"35";"Ille-et-Vilaine";"456,530000";"2023";"511622,38000";"1120666"
"24";"Centre-Val de Loire";"36";"Indre";"509,950000";"2023";"110184,79000";"216069"
"24";"Centre-Val de Loire";"37";"Indre-et-Loire";"516,470000";"2023";"319882,89000";"619362"
"84";"Auvergne-Rhône-Alpes";"38";"Isère";"450,310000";"2023";"584942,17000";"1298990"
"27";"Bourgogne-Franche-Comté";"39";"Jura";"480,740000";"2023";"124017,86000";"257973"
"75";"Nouvelle-Aquitaine";"40";"Landes";"811,640000";"2023";"351904,86000";"433570"
"24";"Centre-Val de Loire";"41";"Loir-et-Cher";"533,210000";"2023";"175182,15000";"328543"
"84";"Auvergne-Rhône-Alpes";"42";"Loire";"461,360000";"2023";"357157,21000";"774133"
"84";"Auvergne-Rhône-Alpes";"43";"Haute-Loire";"495,810000";"2023";"113369,89000";"228654"
"52";"Pays de la Loire";"44";"Loire-Atlantique";"496,230000";"2023";"738179,01000";"1487570"
"24";"Centre-Val de Loire";"45";"Loiret";"479,060000";"2023";"331159,99000";"691268"
"76";"Occitanie";"46";"Lot";"564,750000";"2023";"99662,52000";"176473"
"75";"Nouvelle-Aquitaine";"47";"Lot-et-Garonne";"548,630000";"2023";"183024,83000";"333602"
"76";"Occitanie";"48";"Lozère";"536,450000";"2023";"41030,62000";"76486"
"52";"Pays de la Loire";"49";"Maine-et-Loire";"416,840000";"2023";"347549,62000";"833776"
"28";"Normandie";"50";"Manche";"618,880000";"2023";"307905,21000";"497522"
"44";"Grand Est";"51";"Marne";"466,890000";"2023";"262894,54000";"563076"
"44";"Grand Est";"52";"Haute-Marne";"474,090000";"2023";"79803,64000";"168331"
"52";"Pays de la Loire";"53";"Mayenne";"537,650000";"2023";"164233,85000";"305468"
"44";"Grand Est";"54";"Meurthe-et-Moselle";"414,620000";"2023";"303596,88000";"732236"
"44";"Grand Est";"55";"Meuse";"445,020000";"2023";"80232,58000";"180290"
"53";"Bretagne";"56";"Morbihan";"573,460000";"2023";"449243,40000";"783390"
"44";"Grand Est";"57";"Moselle";"495,750000";"2023";"521190,50000";"1051309"
"27";"Bourgogne-Franche-Comté";"58";"Nièvre";"507,390000";"2023";"102196,58000";"201417"
"32";"Hauts-de-France";"59";"Nord";"524,890000";"2023";"1372915,26000";"2615635"
"32";"Hauts-de-France";"60";"Oise";"492,170000";"2023";"408450,25000";"829899"
"28";"Normandie";"61";"Orne";"570,010000";"2023";"156868,12000";"275201"
"32";"Hauts-de-France";"62";"Pas-de-Calais";"597,580000";"2023";"871208,88000";"1457905"
"84";"Auvergne-Rhône-Alpes";"63";"Puy-de-Dôme";"446,140000";"2023";"296437,80000";"664453"
"75";"Nouvelle-Aquitaine";"64";"Pyrénées-Atlantiques";"524,400000";"2023";"370522,97000";"706564"
"76";"Occitanie";"65";"Hautes-Pyrénées";"540,550000";"2023";"125055,44000";"231349"
"76";"Occitanie";"66";"Pyrénées-Orientales";"626,110000";"2023";"311086,47000";"496855"
"44";"Grand Est";"67";"Bas-Rhin";"406,330000";"2023";"472896,42000";"1163810"
"44";"Grand Est";"68";"Haut-Rhin";"465,090000";"2023";"358464,96000";"770738"
"84";"Auvergne-Rhône-Alpes";"69";"Rhône";"370,450000";"2023";"709282,32000";"1914667"
"27";"Bourgogne-Franche-Comté";"70";"Haute-Saône";"537,670000";"2023";"125376,35000";"233185"
"27";"Bourgogne-Franche-Comté";"71";"Saône-et-Loire";"501,880000";"2023";"276191,13000";"550310"
"52";"Pays de la Loire";"72";"Sarthe";"481,350000";"2023";"272797,53000";"566733"
"84";"Auvergne-Rhône-Alpes";"73";"Savoie";"592,640000";"2023";"265635,11000";"448226"
"84";"Auvergne-Rhône-Alpes";"74";"Haute-Savoie";"560,860000";"2023";"482987,73000";"861158"
"11";"Ile-de-France";"75";"Paris";"421,040000";"2023";"885768,78000";"2103778"
"28";"Normandie";"76";"Seine-Maritime";"577,460000";"2023";"728159,26000";"1260964"
"11";"Ile-de-France";"77";"Seine-et-Marne";"451,610000";"2023";"663006,97000";"1468108"
"11";"Ile-de-France";"78";"Yvelines";"401,170000";"2023";"595768,27000";"1485086"
"75";"Nouvelle-Aquitaine";"79";"Deux-Sèvres";"495,020000";"2023";"185745,49000";"375229"
"32";"Hauts-de-France";"80";"Somme";"536,370000";"2023";"303271,14000";"565413"
"76";"Occitanie";"81";"Tarn";"484,810000";"2023";"192640,42000";"397352"
"76";"Occitanie";"82";"Tarn-et-Garonne";"511,280000";"2023";"135906,40000";"265817"
"93";"Provence-Alpes-Côte d'Azur";"83";"Var";"669,200000";"2023";"749036,75000";"1119307"
"93";"Provence-Alpes-Côte d'Azur";"84";"Vaucluse";"590,190000";"2023";"337621,59000";"572056"
"52";"Pays de la Loire";"85";"Vendée";"553,480000";"2023";"394970,34000";"713609"
"75";"Nouvelle-Aquitaine";"86";"Vienne";"480,020000";"2023";"210680,43000";"438897"
"75";"Nouvelle-Aquitaine";"87";"Haute-Vienne";"444,340000";"2023";"165812,82000";"373167"
"44";"Grand Est";"88";"Vosges";"533,240000";"2023";"190497,86000";"357248"
"27";"Bourgogne-Franche-Comté";"89";"Yonne";"531,580000";"2023";"176627,62000";"332267"
"27";"Bourgogne-Franche-Comté";"90";"Territoire-de-Belfort";"478,800000";"2023";"67153,59000";"140255"
"11";"Ile-de-France";"91";"Essonne";"431,570000";"2023";"577654,62000";"1338485"
"11";"Ile-de-France";"92";"Hauts-de-seine";"349,740000";"2023";"578717,50000";"1654712"
"11";"Ile-de-France";"93";"Seine-Saint-Denis";"416,310000";"2023";"709516,49000";"1704316"
"11";"Ile-de-France";"94";"Val-de-Marne";"369,530000";"2023";"527286,55000";"1426929"
"11";"Ile-de-France";"95";"Val-d'Oise";"440,340000";"2023";"564360,09000";"1281653"
"97";"DROM-COM";"971";"Guadeloupe";"622,820000";"2023";"239262,10000";"384160"
"97";"DROM-COM";"972";"Martinique";"511,940000";"2023";"184621,01000";"360630"
"97";"DROM-COM";"974";"La Réunion";"563,200000";"2023";"501068,76000";"889679"
