"Annee";"C_REGION";"L_REGION";"C_DEPT";"N_DEPT";"TONNAGE_DMA";"VA_POPANNEE";"RATIO_DMA"
"2009";"84";"Auvergne-Rhône-Alpes";"01";"Ain";"324658,25000";"588853";"551,340000"
"2009";"84";"Auvergne-Rhône-Alpes";"03";"Allier";"186697,26000";"343046";"544,230000"
"2009";"84";"Auvergne-Rhône-Alpes";"07";"Ardèche";"165685,41000";"313578";"528,370000"
"2009";"84";"Auvergne-Rhône-Alpes";"15";"Cantal";"83446,36000";"148380";"562,380000"
"2009";"84";"Auvergne-Rhône-Alpes";"26";"Drôme";"274780,29000";"482984";"568,920000"
"2009";"84";"Auvergne-Rhône-Alpes";"38";"Isère";"767885,20000";"1197038";"641,490000"
"2009";"84";"Auvergne-Rhône-Alpes";"42";"Loire";"400758,72000";"746115";"537,130000"
"2009";"84";"Auvergne-Rhône-Alpes";"43";"Haute-Loire";"101428,96000";"223122";"454,590000"
"2009";"84";"Auvergne-Rhône-Alpes";"63";"Puy-de-Dôme";"365115,74000";"629416";"580,090000"
"2009";"84";"Auvergne-Rhône-Alpes";"69";"Rhône";"748069,77000";"1708671";"437,810000"
"2009";"84";"Auvergne-Rhône-Alpes";"73";"Savoie";"302781,45000";"411007";"736,680000"
"2009";"84";"Auvergne-Rhône-Alpes";"74";"Haute-Savoie";"476260,05000";"725794";"656,190000"
"2009";"27";"Bourgogne-Franche-Comté";"21";"Cote-d'Or";"305251,96000";"524144";"582,380000"
"2009";"27";"Bourgogne-Franche-Comté";"25";"Doubs";"293301,76000";"525276";"558,380000"
"2009";"27";"Bourgogne-Franche-Comté";"39";"Jura";"136747,77000";"261277";"523,380000"
"2009";"27";"Bourgogne-Franche-Comté";"58";"Nièvre";"126492,39000";"220199";"574,450000"
"2009";"27";"Bourgogne-Franche-Comté";"70";"Haute-Saône";"143806,82000";"239194";"601,210000"
"2009";"27";"Bourgogne-Franche-Comté";"71";"Saône-et-Loire";"324522,32000";"554720";"585,020000"
"2009";"27";"Bourgogne-Franche-Comté";"89";"Yonne";"196118,30000";"343377";"571,150000"
"2009";"27";"Bourgogne-Franche-Comté";"90";"Territoire-de-Belfort";"70990,33000";"142461";"498,310000"
"2009";"53";"Bretagne";"22";"Cotes-d'Armor";"402825,37000";"587519";"685,640000"
"2009";"53";"Bretagne";"29";"Finistère";"705460,21000";"893914";"789,180000"
"2009";"53";"Bretagne";"35";"Ille-et-Vilaine";"542094,00000";"977449";"554,600000"
"2009";"53";"Bretagne";"56";"Morbihan";"471877,97000";"716182";"658,880000"
"2009";"24";"Centre-Val de Loire";"18";"Cher";"179337,74000";"311022";"576,610000"
"2009";"24";"Centre-Val de Loire";"28";"Eure-et-Loir";"246093,53000";"425502";"578,360000"
"2009";"24";"Centre-Val de Loire";"36";"Indre";"127467,94000";"232268";"548,800000"
"2009";"24";"Centre-Val de Loire";"37";"Indre-et-Loire";"318535,58000";"588420";"541,340000"
"2009";"24";"Centre-Val de Loire";"41";"Loir-et-Cher";"192881,57000";"327868";"588,290000"
"2009";"24";"Centre-Val de Loire";"45";"Loiret";"373402,10000";"653510";"571,380000"
"2009";"94";"Corse";"2A";"Corse-du-Sud";"95025,86000";"141330";"672,370000"
"2009";"94";"Corse";"2B";"Haute-Corse";"101569,72000";"164344";"618,030000"
"2009";"97";"DROM-COM";"971";"Guadeloupe";"204947,88000";"401554";"510,390000"
"2009";"97";"DROM-COM";"972";"Martinique";"180847,72000";"396404";"456,220000"
"2009";"97";"DROM-COM";"973";"Guyane";"93444,25000";"224469";"416,290000"
"2009";"97";"DROM-COM";"974";"La Réunion";"467329,29000";"816364";"572,450000"
"2009";"44";"Grand Est";"08";"Ardennes";"156985,17000";"283296";"554,140000"
"2009";"44";"Grand Est";"10";"Aube";"172633,74000";"303298";"569,190000"
"2009";"44";"Grand Est";"51";"Marne";"308109,48000";"566145";"544,220000"
"2009";"44";"Grand Est";"52";"Haute-Marne";"98536,17000";"185214";"532,010000"
"2009";"44";"Grand Est";"54";"Meurthe-et-Moselle";"399219,81000";"731019";"546,110000"
"2009";"44";"Grand Est";"55";"Meuse";"92995,03000";"194003";"479,350000"
"2009";"44";"Grand Est";"57";"Moselle";"619262,34000";"1044898";"592,650000"
"2009";"44";"Grand Est";"67";"Bas-Rhin";"574154,55000";"1094439";"524,610000"
"2009";"44";"Grand Est";"68";"Haut-Rhin";"419778,95000";"748614";"560,740000"
"2009";"44";"Grand Est";"88";"Vosges";"201993,07000";"380192";"531,290000"
"2009";"32";"Hauts-de-France";"02";"Aisne";"299205,85000";"539870";"554,220000"
"2009";"32";"Hauts-de-France";"59";"Nord";"1605108,06000";"2571940";"624,080000"
"2009";"32";"Hauts-de-France";"60";"Oise";"506344,23000";"801512";"631,740000"
"2009";"32";"Hauts-de-France";"62";"Pas-de-Calais";"978111,10000";"1461257";"669,360000"
"2009";"32";"Hauts-de-France";"80";"Somme";"366749,69000";"569775";"643,670000"
"2009";"11";"Ile-de-France";"75";"Paris";"1090346,84000";"2234105";"488,050000"
"2009";"11";"Ile-de-France";"77";"Seine-et-Marne";"747381,98000";"1313414";"569,040000"
"2009";"11";"Ile-de-France";"78";"Yvelines";"666601,81000";"1407560";"473,590000"
"2009";"11";"Ile-de-France";"91";"Essonne";"630957,23000";"1208004";"522,310000"
"2009";"11";"Ile-de-France";"92";"Hauts-de-seine";"644170,20000";"1561745";"412,470000"
"2009";"11";"Ile-de-France";"93";"Seine-Saint-Denis";"680280,35000";"1515983";"448,740000"
"2009";"11";"Ile-de-France";"94";"Val-de-Marne";"570798,63000";"1318537";"432,900000"
"2009";"11";"Ile-de-France";"95";"Val-d'Oise";"583236,75000";"1168892";"498,970000"
"2009";"28";"Normandie";"14";"Calvados";"471578,71000";"680908";"692,570000"
"2009";"28";"Normandie";"27";"Eure";"387615,47000";"582822";"665,070000"
"2009";"28";"Normandie";"50";"Manche";"339694,95000";"497762";"682,440000"
"2009";"28";"Normandie";"61";"Orne";"171637,41000";"292210";"587,380000"
"2009";"28";"Normandie";"76";"Seine-Maritime";"824020,50000";"1250120";"659,150000"
"2009";"75";"Nouvelle-Aquitaine";"16";"Charente";"201982,06000";"351563";"574,530000"
"2009";"75";"Nouvelle-Aquitaine";"17";"Charente-Maritime";"458320,62000";"616607";"743,290000"
"2009";"75";"Nouvelle-Aquitaine";"19";"Corrèze";"135740,88000";"243352";"557,800000"
"2009";"75";"Nouvelle-Aquitaine";"23";"Creuse";"60689,70000";"123584";"491,080000"
"2009";"75";"Nouvelle-Aquitaine";"24";"Dordogne";"275804,88000";"412082";"669,300000"
"2009";"75";"Nouvelle-Aquitaine";"33";"Gironde";"874958,62000";"1434661";"609,870000"
"2009";"75";"Nouvelle-Aquitaine";"40";"Landes";"365579,50000";"379341";"963,720000"
"2009";"75";"Nouvelle-Aquitaine";"47";"Lot-et-Garonne";"190587,13000";"329697";"578,070000"
"2009";"75";"Nouvelle-Aquitaine";"64";"Pyrénées-Atlantiques";"379137,03000";"650356";"582,970000"
"2009";"75";"Nouvelle-Aquitaine";"79";"Deux-Sèvres";"203997,53000";"366339";"556,850000"
"2009";"75";"Nouvelle-Aquitaine";"86";"Vienne";"250421,16000";"426066";"587,750000"
"2009";"75";"Nouvelle-Aquitaine";"87";"Haute-Vienne";"189280,35000";"374849";"504,950000"
"2009";"76";"Occitanie";"09";"Ariège";"111747,83000";"151117";"739,480000"
"2009";"76";"Occitanie";"11";"Aude";"241166,92000";"353980";"681,300000"
"2009";"76";"Occitanie";"12";"Aveyron";"140327,18000";"277048";"506,510000"
"2009";"76";"Occitanie";"30";"Gard";"483840,35000";"701883";"689,350000"
"2009";"76";"Occitanie";"31";"Haute-Garonne";"639887,05000";"1230820";"519,890000"
"2009";"76";"Occitanie";"32";"Gers";"103707,91000";"187181";"554,050000"
"2009";"76";"Occitanie";"34";"Hérault";"765939,60000";"1031974";"742,210000"
"2009";"76";"Occitanie";"46";"Lot";"104430,25000";"173562";"601,690000"
"2009";"76";"Occitanie";"48";"Lozère";"42199,95000";"77163";"546,890000"
"2009";"76";"Occitanie";"65";"Hautes-Pyrénées";"155977,38000";"229670";"679,140000"
"2009";"76";"Occitanie";"66";"Pyrénées-Orientales";"319557,23000";"445890";"716,670000"
"2009";"76";"Occitanie";"81";"Tarn";"197607,34000";"374018";"528,340000"
"2009";"76";"Occitanie";"82";"Tarn-et-Garonne";"125960,74000";"239291";"526,390000"
"2009";"52";"Pays de la Loire";"44";"Loire-Atlantique";"762436,69000";"1266358";"602,070000"
"2009";"52";"Pays de la Loire";"49";"Maine-et-Loire";"412380,88000";"780082";"528,640000"
"2009";"52";"Pays de la Loire";"53";"Mayenne";"171381,86000";"305147";"561,640000"
"2009";"52";"Pays de la Loire";"72";"Sarthe";"296388,86000";"561050";"528,280000"
"2009";"52";"Pays de la Loire";"85";"Vendée";"420955,28000";"626411";"672,010000"
"2009";"93";"Provence-Alpes-Côte d'Azur";"04";"Alpes-de-Haute-Provence";"110420,84000";"159450";"692,510000"
"2009";"93";"Provence-Alpes-Côte d'Azur";"05";"Hautes-Alpes";"98548,84000";"135836";"725,500000"
"2009";"93";"Provence-Alpes-Côte d'Azur";"06";"Alpes-Maritimes";"790910,73000";"1079100";"732,940000"
"2009";"93";"Provence-Alpes-Côte d'Azur";"13";"Bouches-du-Rhône";"1369307,65000";"1967299";"696,030000"
"2009";"93";"Provence-Alpes-Côte d'Azur";"83";"Var";"839215,63000";"1007303";"833,130000"
"2009";"93";"Provence-Alpes-Côte d'Azur";"84";"Vaucluse";"360870,17000";"540065";"668,200000"
"2011";"84";"Auvergne-Rhône-Alpes";"01";"Ain";"336244,01000";"603827";"556,850000"
"2011";"84";"Auvergne-Rhône-Alpes";"03";"Allier";"190669,40000";"342729";"556,330000"
"2011";"84";"Auvergne-Rhône-Alpes";"07";"Ardèche";"168301,50000";"317277";"530,460000"
"2011";"84";"Auvergne-Rhône-Alpes";"15";"Cantal";"89223,85000";"147577";"604,590000"
"2011";"84";"Auvergne-Rhône-Alpes";"26";"Drôme";"283438,74000";"487993";"580,830000"
"2011";"84";"Auvergne-Rhône-Alpes";"38";"Isère";"751191,05000";"1215212";"618,160000"
"2011";"84";"Auvergne-Rhône-Alpes";"42";"Loire";"399210,13000";"749053";"532,950000"
"2011";"84";"Auvergne-Rhône-Alpes";"43";"Haute-Loire";"113084,48000";"224907";"502,810000"
"2011";"84";"Auvergne-Rhône-Alpes";"63";"Puy-de-Dôme";"366062,85000";"635469";"576,050000"
"2011";"84";"Auvergne-Rhône-Alpes";"69";"Rhône";"767017,15000";"1744236";"439,740000"
"2011";"84";"Auvergne-Rhône-Alpes";"73";"Savoie";"301007,49000";"418949";"718,480000"
"2011";"84";"Auvergne-Rhône-Alpes";"74";"Haute-Savoie";"493780,27000";"746994";"661,020000"
"2011";"27";"Bourgogne-Franche-Comté";"21";"Cote-d'Or";"303570,68000";"525931";"577,210000"
"2011";"27";"Bourgogne-Franche-Comté";"25";"Doubs";"290935,79000";"529103";"549,870000"
"2011";"27";"Bourgogne-Franche-Comté";"39";"Jura";"140942,27000";"261294";"539,400000"
"2011";"27";"Bourgogne-Franche-Comté";"58";"Nièvre";"123823,04000";"218341";"567,110000"
"2011";"27";"Bourgogne-Franche-Comté";"70";"Haute-Saône";"131470,69000";"239695";"548,490000"
"2011";"27";"Bourgogne-Franche-Comté";"71";"Saône-et-Loire";"321856,47000";"555999";"578,880000"
"2011";"27";"Bourgogne-Franche-Comté";"89";"Yonne";"206547,42000";"342463";"603,120000"
"2011";"27";"Bourgogne-Franche-Comté";"90";"Territoire-de-Belfort";"76796,05000";"143348";"535,730000"
"2011";"53";"Bretagne";"22";"Cotes-d'Armor";"422240,02000";"594375";"710,390000"
"2011";"53";"Bretagne";"29";"Finistère";"700149,93000";"899870";"778,060000"
"2011";"53";"Bretagne";"35";"Ille-et-Vilaine";"532459,72000";"996439";"534,360000"
"2011";"53";"Bretagne";"56";"Morbihan";"475258,45000";"727083";"653,650000"
"2011";"24";"Centre-Val de Loire";"18";"Cher";"173266,77000";"311694";"555,890000"
"2011";"24";"Centre-Val de Loire";"28";"Eure-et-Loir";"273178,84000";"430416";"634,690000"
"2011";"24";"Centre-Val de Loire";"36";"Indre";"128450,65000";"230175";"558,060000"
"2011";"24";"Centre-Val de Loire";"37";"Indre-et-Loire";"323650,45000";"593683";"545,160000"
"2011";"24";"Centre-Val de Loire";"41";"Loir-et-Cher";"195241,98000";"331280";"589,360000"
"2011";"24";"Centre-Val de Loire";"45";"Loiret";"374737,10000";"659587";"568,140000"
"2011";"94";"Corse";"2A";"Corse-du-Sud";"91227,03000";"145846";"625,500000"
"2011";"94";"Corse";"2B";"Haute-Corse";"124570,47000";"168640";"738,680000"
"2011";"97";"DROM-COM";"971";"Guadeloupe";"237448,70000";"404635";"586,820000"
"2011";"97";"DROM-COM";"972";"Martinique";"197499,30000";"392291";"503,450000"
"2011";"97";"DROM-COM";"973";"Guyane";"111703,17000";"237549";"470,230000"
"2011";"97";"DROM-COM";"974";"La Réunion";"530601,09000";"828581";"640,370000"
"2011";"44";"Grand Est";"08";"Ardennes";"157913,01000";"283110";"557,780000"
"2011";"44";"Grand Est";"10";"Aube";"178798,93000";"303997";"588,160000"
"2011";"44";"Grand Est";"51";"Marne";"307203,15000";"566571";"542,210000"
"2011";"44";"Grand Est";"52";"Haute-Marne";"91765,53000";"182375";"503,170000"
"2011";"44";"Grand Est";"54";"Meurthe-et-Moselle";"401725,09000";"733124";"547,960000"
"2011";"44";"Grand Est";"55";"Meuse";"94415,20000";"193557";"487,790000"
"2011";"44";"Grand Est";"57";"Moselle";"608791,91000";"1045146";"582,490000"
"2011";"44";"Grand Est";"67";"Bas-Rhin";"584757,27000";"1099269";"531,950000"
"2011";"44";"Grand Est";"68";"Haut-Rhin";"448704,55000";"753056";"595,840000"
"2011";"44";"Grand Est";"88";"Vosges";"205501,99000";"378830";"542,460000"
"2011";"32";"Hauts-de-France";"02";"Aisne";"308270,65000";"541302";"569,500000"
"2011";"32";"Hauts-de-France";"59";"Nord";"1577349,42000";"2579208";"611,560000"
"2011";"32";"Hauts-de-France";"60";"Oise";"544520,84000";"805642";"675,880000"
"2011";"32";"Hauts-de-France";"62";"Pas-de-Calais";"1009127,15000";"1462807";"689,860000"
"2011";"32";"Hauts-de-France";"80";"Somme";"357833,79000";"571211";"626,450000"
"2011";"11";"Ile-de-France";"75";"Paris";"1093417,44000";"2249975";"485,970000"
"2011";"11";"Ile-de-France";"77";"Seine-et-Marne";"760958,74000";"1338427";"568,550000"
"2011";"11";"Ile-de-France";"78";"Yvelines";"685352,86000";"1413635";"484,820000"
"2011";"11";"Ile-de-France";"91";"Essonne";"654305,45000";"1225191";"534,040000"
"2011";"11";"Ile-de-France";"92";"Hauts-de-seine";"643356,34000";"1581628";"406,770000"
"2011";"11";"Ile-de-France";"93";"Seine-Saint-Denis";"702431,95000";"1529928";"459,130000"
"2011";"11";"Ile-de-France";"94";"Val-de-Marne";"572509,85000";"1333702";"429,260000"
"2011";"11";"Ile-de-France";"95";"Val-d'Oise";"607313,70000";"1180365";"514,510000"
"2011";"28";"Normandie";"14";"Calvados";"482137,07000";"685262";"703,580000"
"2011";"28";"Normandie";"27";"Eure";"396566,53000";"588111";"674,310000"
"2011";"28";"Normandie";"50";"Manche";"350580,30000";"499531";"701,820000"
"2011";"28";"Normandie";"61";"Orne";"170939,36000";"290891";"587,640000"
"2011";"28";"Normandie";"76";"Seine-Maritime";"808866,06000";"1251282";"646,430000"
"2011";"75";"Nouvelle-Aquitaine";"16";"Charente";"200704,43000";"352705";"569,040000"
"2011";"75";"Nouvelle-Aquitaine";"17";"Charente-Maritime";"480233,77000";"625682";"767,540000"
"2011";"75";"Nouvelle-Aquitaine";"19";"Corrèze";"129153,85000";"242454";"532,690000"
"2011";"75";"Nouvelle-Aquitaine";"23";"Creuse";"61113,93000";"122560";"498,650000"
"2011";"75";"Nouvelle-Aquitaine";"24";"Dordogne";"235376,15000";"415168";"566,940000"
"2011";"75";"Nouvelle-Aquitaine";"33";"Gironde";"904659,95000";"1463662";"618,080000"
"2011";"75";"Nouvelle-Aquitaine";"40";"Landes";"418322,32000";"387929";"1078,350000"
"2011";"75";"Nouvelle-Aquitaine";"47";"Lot-et-Garonne";"189354,72000";"330866";"572,300000"
"2011";"75";"Nouvelle-Aquitaine";"64";"Pyrénées-Atlantiques";"389694,08000";"656608";"593,500000"
"2011";"75";"Nouvelle-Aquitaine";"79";"Deux-Sèvres";"215572,22000";"370939";"581,150000"
"2011";"75";"Nouvelle-Aquitaine";"86";"Vienne";"253601,31000";"428447";"591,910000"
"2011";"75";"Nouvelle-Aquitaine";"87";"Haute-Vienne";"192281,66000";"376058";"511,310000"
"2011";"76";"Occitanie";"09";"Ariège";"105479,17000";"152286";"692,640000"
"2011";"76";"Occitanie";"11";"Aude";"236497,94000";"359967";"657,000000"
"2011";"76";"Occitanie";"12";"Aveyron";"137837,21000";"275813";"499,750000"
"2011";"76";"Occitanie";"30";"Gard";"476995,44000";"718357";"664,010000"
"2011";"76";"Occitanie";"31";"Haute-Garonne";"638783,03000";"1260226";"506,880000"
"2011";"76";"Occitanie";"32";"Gers";"101732,04000";"188893";"538,570000"
"2011";"76";"Occitanie";"34";"Hérault";"773376,56000";"1062036";"728,200000"
"2011";"76";"Occitanie";"46";"Lot";"103341,72000";"174754";"591,360000"
"2011";"76";"Occitanie";"48";"Lozère";"39237,58000";"77156";"508,550000"
"2011";"76";"Occitanie";"65";"Hautes-Pyrénées";"144850,43000";"229228";"631,910000"
"2011";"76";"Occitanie";"66";"Pyrénées-Orientales";"340358,56000";"452530";"752,120000"
"2011";"76";"Occitanie";"81";"Tarn";"200220,55000";"377675";"530,140000"
"2011";"76";"Occitanie";"82";"Tarn-et-Garonne";"130297,74000";"244545";"532,820000"
"2011";"52";"Pays de la Loire";"44";"Loire-Atlantique";"778557,95000";"1296364";"600,570000"
"2011";"52";"Pays de la Loire";"49";"Maine-et-Loire";"403244,04000";"790343";"510,210000"
"2011";"52";"Pays de la Loire";"53";"Mayenne";"168924,05000";"307031";"550,190000"
"2011";"52";"Pays de la Loire";"72";"Sarthe";"300051,51000";"565718";"530,390000"
"2011";"52";"Pays de la Loire";"85";"Vendée";"433958,44000";"641657";"676,310000"
"2011";"93";"Provence-Alpes-Côte d'Azur";"04";"Alpes-de-Haute-Provence";"116039,77000";"160959";"720,930000"
"2011";"93";"Provence-Alpes-Côte d'Azur";"05";"Hautes-Alpes";"96658,38000";"138605";"697,370000"
"2011";"93";"Provence-Alpes-Côte d'Azur";"06";"Alpes-Maritimes";"833587,68000";"1081244";"770,950000"
"2011";"93";"Provence-Alpes-Côte d'Azur";"13";"Bouches-du-Rhône";"1376641,16000";"1975896";"696,720000"
"2011";"93";"Provence-Alpes-Côte d'Azur";"83";"Var";"777502,03000";"1012735";"767,730000"
"2011";"93";"Provence-Alpes-Côte d'Azur";"84";"Vaucluse";"384259,58000";"546630";"702,960000"
"2013";"84";"Auvergne-Rhône-Alpes";"01";"Ain";"334061,97000";"619497";"539,250000"
"2013";"84";"Auvergne-Rhône-Alpes";"03";"Allier";"193645,04000";"343431";"563,850000"
"2013";"84";"Auvergne-Rhône-Alpes";"07";"Ardèche";"175987,20000";"320379";"549,310000"
"2013";"84";"Auvergne-Rhône-Alpes";"15";"Cantal";"77356,63000";"147035";"526,110000"
"2013";"84";"Auvergne-Rhône-Alpes";"26";"Drôme";"288763,26000";"494712";"583,700000"
"2013";"84";"Auvergne-Rhône-Alpes";"38";"Isère";"738677,85000";"1235387";"597,930000"
"2013";"84";"Auvergne-Rhône-Alpes";"42";"Loire";"390894,17000";"756715";"516,570000"
"2013";"84";"Auvergne-Rhône-Alpes";"43";"Haute-Loire";"116281,21000";"226203";"514,060000"
"2013";"84";"Auvergne-Rhône-Alpes";"63";"Puy-de-Dôme";"343434,91000";"640999";"535,780000"
"2013";"84";"Auvergne-Rhône-Alpes";"69";"Rhône";"747843,93000";"1779845";"420,170000"
"2013";"84";"Auvergne-Rhône-Alpes";"73";"Savoie";"303602,78000";"423715";"716,530000"
"2013";"84";"Auvergne-Rhône-Alpes";"74";"Haute-Savoie";"503767,12000";"769677";"654,520000"
"2013";"27";"Bourgogne-Franche-Comté";"21";"Cote-d'Or";"302482,98000";"529761";"570,980000"
"2013";"27";"Bourgogne-Franche-Comté";"25";"Doubs";"278620,07000";"533320";"522,430000"
"2013";"27";"Bourgogne-Franche-Comté";"39";"Jura";"138801,83000";"260502";"532,820000"
"2013";"27";"Bourgogne-Franche-Comté";"58";"Nièvre";"115581,32000";"215221";"537,040000"
"2013";"27";"Bourgogne-Franche-Comté";"70";"Haute-Saône";"120247,51000";"238956";"503,220000"
"2013";"27";"Bourgogne-Franche-Comté";"71";"Saône-et-Loire";"308041,38000";"556222";"553,810000"
"2013";"27";"Bourgogne-Franche-Comté";"89";"Yonne";"203209,31000";"341483";"595,080000"
"2013";"27";"Bourgogne-Franche-Comté";"90";"Territoire-de-Belfort";"79365,55000";"144318";"549,940000"
"2013";"53";"Bretagne";"22";"Cotes-d'Armor";"433689,33000";"597085";"726,340000"
"2013";"53";"Bretagne";"29";"Finistère";"694774,28000";"903921";"768,620000"
"2013";"53";"Bretagne";"35";"Ille-et-Vilaine";"527050,44000";"1019923";"516,760000"
"2013";"53";"Bretagne";"56";"Morbihan";"474858,35000";"737778";"643,630000"
"2013";"24";"Centre-Val de Loire";"18";"Cher";"167780,89000";"311650";"538,360000"
"2013";"24";"Centre-Val de Loire";"28";"Eure-et-Loir";"255900,36000";"432967";"591,040000"
"2013";"24";"Centre-Val de Loire";"36";"Indre";"126491,27000";"228091";"554,560000"
"2013";"24";"Centre-Val de Loire";"37";"Indre-et-Loire";"311900,81000";"600252";"519,620000"
"2013";"24";"Centre-Val de Loire";"41";"Loir-et-Cher";"193721,34000";"332001";"583,500000"
"2013";"24";"Centre-Val de Loire";"45";"Loiret";"367399,70000";"665587";"551,990000"
"2013";"94";"Corse";"2A";"Corse-du-Sud";"104536,57000";"149234";"700,490000"
"2013";"94";"Corse";"2B";"Haute-Corse";"120989,73000";"170974";"707,650000"
"2013";"97";"DROM-COM";"971";"Guadeloupe";"263136,14000";"402119";"654,370000"
"2013";"97";"DROM-COM";"972";"Martinique";"194509,45000";"385551";"504,500000"
"2013";"97";"DROM-COM";"973";"Guyane";"70124,39000";"244118";"287,260000"
"2013";"97";"DROM-COM";"974";"La Réunion";"516081,32000";"835103";"617,990000"
"2013";"44";"Grand Est";"08";"Ardennes";"154711,50000";"280907";"550,760000"
"2013";"44";"Grand Est";"10";"Aube";"167443,36000";"306581";"546,160000"
"2013";"44";"Grand Est";"51";"Marne";"299000,93000";"569999";"524,560000"
"2013";"44";"Grand Est";"52";"Haute-Marne";"96759,37000";"181521";"533,050000"
"2013";"44";"Grand Est";"54";"Meurthe-et-Moselle";"380115,39000";"731004";"519,990000"
"2013";"44";"Grand Est";"55";"Meuse";"92889,97000";"192094";"483,570000"
"2013";"44";"Grand Est";"57";"Moselle";"603388,22000";"1046873";"576,370000"
"2013";"44";"Grand Est";"67";"Bas-Rhin";"555402,17000";"1109460";"500,610000"
"2013";"44";"Grand Est";"68";"Haut-Rhin";"434588,88000";"758723";"572,790000"
"2013";"44";"Grand Est";"88";"Vosges";"205816,62000";"375226";"548,510000"
"2013";"32";"Hauts-de-France";"02";"Aisne";"307388,94000";"540067";"569,170000"
"2013";"32";"Hauts-de-France";"59";"Nord";"1562136,27000";"2595536";"601,850000"
"2013";"32";"Hauts-de-France";"60";"Oise";"497968,29000";"815400";"610,700000"
"2013";"32";"Hauts-de-France";"62";"Pas-de-Calais";"976043,09000";"1465205";"666,150000"
"2013";"32";"Hauts-de-France";"80";"Somme";"346200,36000";"571675";"605,590000"
"2013";"11";"Ile-de-France";"75";"Paris";"1047304,27000";"2229621";"469,720000"
"2013";"11";"Ile-de-France";"77";"Seine-et-Marne";"736569,14000";"1365200";"539,530000"
"2013";"11";"Ile-de-France";"78";"Yvelines";"668159,70000";"1418484";"471,040000"
"2013";"11";"Ile-de-France";"91";"Essonne";"634581,35000";"1253931";"506,070000"
"2013";"11";"Ile-de-France";"92";"Hauts-de-seine";"629625,69000";"1591403";"395,640000"
"2013";"11";"Ile-de-France";"93";"Seine-Saint-Denis";"715174,80000";"1552482";"460,670000"
"2013";"11";"Ile-de-France";"94";"Val-de-Marne";"551329,22000";"1354005";"407,180000"
"2013";"11";"Ile-de-France";"95";"Val-d'Oise";"589072,53000";"1194681";"493,080000"
"2013";"28";"Normandie";"14";"Calvados";"482150,98000";"689945";"698,830000"
"2013";"28";"Normandie";"27";"Eure";"403614,53000";"595043";"678,290000"
"2013";"28";"Normandie";"50";"Manche";"327209,38000";"499919";"654,520000"
"2013";"28";"Normandie";"61";"Orne";"177630,49000";"288848";"614,960000"
"2013";"28";"Normandie";"76";"Seine-Maritime";"833296,22000";"1254609";"664,190000"
"2013";"75";"Nouvelle-Aquitaine";"16";"Charente";"204197,49000";"353482";"577,670000"
"2013";"75";"Nouvelle-Aquitaine";"17";"Charente-Maritime";"450760,37000";"633417";"711,630000"
"2013";"75";"Nouvelle-Aquitaine";"19";"Corrèze";"118617,51000";"240781";"492,640000"
"2013";"75";"Nouvelle-Aquitaine";"23";"Creuse";"59662,16000";"120872";"493,600000"
"2013";"75";"Nouvelle-Aquitaine";"24";"Dordogne";"230860,12000";"416909";"553,740000"
"2013";"75";"Nouvelle-Aquitaine";"33";"Gironde";"895280,04000";"1505517";"594,670000"
"2013";"75";"Nouvelle-Aquitaine";"40";"Landes";"383486,18000";"397226";"965,410000"
"2013";"75";"Nouvelle-Aquitaine";"47";"Lot-et-Garonne";"193217,37000";"333180";"579,920000"
"2013";"75";"Nouvelle-Aquitaine";"64";"Pyrénées-Atlantiques";"389824,77000";"664057";"587,040000"
"2013";"75";"Nouvelle-Aquitaine";"79";"Deux-Sèvres";"211962,09000";"371632";"570,350000"
"2013";"75";"Nouvelle-Aquitaine";"86";"Vienne";"243266,48000";"431248";"564,100000"
"2013";"75";"Nouvelle-Aquitaine";"87";"Haute-Vienne";"187571,32000";"375856";"499,050000"
"2013";"76";"Occitanie";"09";"Ariège";"102170,17000";"152684";"669,160000"
"2013";"76";"Occitanie";"11";"Aude";"245633,61000";"364877";"673,200000"
"2013";"76";"Occitanie";"12";"Aveyron";"136079,31000";"277740";"489,950000"
"2013";"76";"Occitanie";"30";"Gard";"459560,21000";"733201";"626,790000"
"2013";"76";"Occitanie";"31";"Haute-Garonne";"620877,18000";"1298562";"478,130000"
"2013";"76";"Occitanie";"32";"Gers";"106050,20000";"190276";"557,350000"
"2013";"76";"Occitanie";"34";"Hérault";"768483,71000";"1092331";"703,530000"
"2013";"76";"Occitanie";"46";"Lot";"109135,26000";"173758";"628,090000"
"2013";"76";"Occitanie";"48";"Lozère";"37897,57000";"76607";"494,700000"
"2013";"76";"Occitanie";"65";"Hautes-Pyrénées";"136996,27000";"228868";"598,580000"
"2013";"76";"Occitanie";"66";"Pyrénées-Orientales";"333738,29000";"462705";"721,280000"
"2013";"76";"Occitanie";"81";"Tarn";"205808,02000";"381927";"538,870000"
"2013";"76";"Occitanie";"82";"Tarn-et-Garonne";"126725,89000";"250342";"506,210000"
"2013";"52";"Pays de la Loire";"44";"Loire-Atlantique";"766211,88000";"1328620";"576,700000"
"2013";"52";"Pays de la Loire";"49";"Maine-et-Loire";"418100,85000";"800191";"522,500000"
"2013";"52";"Pays de la Loire";"53";"Mayenne";"166053,22000";"307500";"540,010000"
"2013";"52";"Pays de la Loire";"72";"Sarthe";"290879,38000";"569035";"511,180000"
"2013";"52";"Pays de la Loire";"85";"Vendée";"455780,65000";"655506";"695,310000"
"2013";"93";"Provence-Alpes-Côte d'Azur";"04";"Alpes-de-Haute-Provence";"113727,09000";"161916";"702,380000"
"2013";"93";"Provence-Alpes-Côte d'Azur";"05";"Hautes-Alpes";"98729,99000";"139279";"708,860000"
"2013";"93";"Provence-Alpes-Côte d'Azur";"06";"Alpes-Maritimes";"809594,90000";"1080771";"749,090000"
"2013";"93";"Provence-Alpes-Côte d'Azur";"13";"Bouches-du-Rhône";"1325912,91000";"1993177";"665,230000"
"2013";"93";"Provence-Alpes-Côte d'Azur";"83";"Var";"791684,32000";"1028583";"769,680000"
"2013";"93";"Provence-Alpes-Côte d'Azur";"84";"Vaucluse";"362620,65000";"549949";"659,370000"
"2015";"84";"Auvergne-Rhône-Alpes";"01";"Ain";"329259,25000";"631877";"521,080000"
"2015";"84";"Auvergne-Rhône-Alpes";"03";"Allier";"198350,22000";"341613";"580,630000"
"2015";"84";"Auvergne-Rhône-Alpes";"07";"Ardèche";"188330,10000";"324209";"580,890000"
"2015";"84";"Auvergne-Rhône-Alpes";"15";"Cantal";"80812,99000";"146219";"552,680000"
"2015";"84";"Auvergne-Rhône-Alpes";"26";"Drôme";"294093,04000";"504637";"582,780000"
"2015";"84";"Auvergne-Rhône-Alpes";"38";"Isère";"738992,42000";"1251060";"590,690000"
"2015";"84";"Auvergne-Rhône-Alpes";"42";"Loire";"412755,57000";"759411";"543,520000"
"2015";"84";"Auvergne-Rhône-Alpes";"43";"Haute-Loire";"120205,61000";"227034";"529,460000"
"2015";"84";"Auvergne-Rhône-Alpes";"63";"Puy-de-Dôme";"344033,91000";"647501";"531,330000"
"2015";"84";"Auvergne-Rhône-Alpes";"69";"Rhône";"760912,74000";"1821995";"417,630000"
"2015";"84";"Auvergne-Rhône-Alpes";"73";"Savoie";"305439,00000";"428204";"713,300000"
"2015";"84";"Auvergne-Rhône-Alpes";"74";"Haute-Savoie";"507606,75000";"793938";"639,350000"
"2015";"27";"Bourgogne-Franche-Comté";"21";"Cote-d'Or";"300246,89000";"533147";"563,160000"
"2015";"27";"Bourgogne-Franche-Comté";"25";"Doubs";"271051,72000";"536959";"504,790000"
"2015";"27";"Bourgogne-Franche-Comté";"39";"Jura";"132873,22000";"260587";"509,900000"
"2015";"27";"Bourgogne-Franche-Comté";"58";"Nièvre";"110897,06000";"211747";"523,720000"
"2015";"27";"Bourgogne-Franche-Comté";"70";"Haute-Saône";"133577,84000";"237706";"561,950000"
"2015";"27";"Bourgogne-Franche-Comté";"71";"Saône-et-Loire";"304070,11000";"555408";"547,470000"
"2015";"27";"Bourgogne-Franche-Comté";"89";"Yonne";"203107,95000";"340903";"595,790000"
"2015";"27";"Bourgogne-Franche-Comté";"90";"Territoire-de-Belfort";"69693,41000";"144483";"482,360000"
"2015";"53";"Bretagne";"22";"Cotes-d'Armor";"458319,37000";"598357";"765,960000"
"2015";"53";"Bretagne";"29";"Finistère";"682688,21000";"907796";"752,030000"
"2015";"53";"Bretagne";"35";"Ille-et-Vilaine";"547904,12000";"1042884";"525,370000"
"2015";"53";"Bretagne";"56";"Morbihan";"485653,43000";"744813";"652,050000"
"2015";"24";"Centre-Val de Loire";"18";"Cher";"170076,92000";"308992";"550,420000"
"2015";"24";"Centre-Val de Loire";"28";"Eure-et-Loir";"271816,28000";"434035";"626,250000"
"2015";"24";"Centre-Val de Loire";"36";"Indre";"116355,65000";"224200";"518,980000"
"2015";"24";"Centre-Val de Loire";"37";"Indre-et-Loire";"330698,60000";"604966";"546,640000"
"2015";"24";"Centre-Val de Loire";"41";"Loir-et-Cher";"191297,27000";"333050";"574,380000"
"2015";"24";"Centre-Val de Loire";"45";"Loiret";"370967,34000";"673349";"550,930000"
"2015";"94";"Corse";"2A";"Corse-du-Sud";"108945,51000";"152730";"713,320000"
"2015";"94";"Corse";"2B";"Haute-Corse";"106866,43000";"174553";"612,230000"
"2015";"97";"DROM-COM";"971";"Guadeloupe";"213736,23000";"397990";"537,040000"
"2015";"97";"DROM-COM";"972";"Martinique";"191524,56000";"380877";"502,850000"
"2015";"97";"DROM-COM";"973";"Guyane";"110985,55000";"259865";"427,090000"
"2015";"97";"DROM-COM";"974";"La Réunion";"489887,08000";"850727";"575,850000"
"2015";"97";"DROM-COM";"976";"Mayotte";"52750,16000";"212645";"248,070000"
"2015";"44";"Grand Est";"08";"Ardennes";"153776,69000";"277752";"553,650000"
"2015";"44";"Grand Est";"10";"Aube";"159606,61000";"309056";"516,430000"
"2015";"44";"Grand Est";"51";"Marne";"300638,34000";"572245";"525,370000"
"2015";"44";"Grand Est";"52";"Haute-Marne";"96277,50000";"179154";"537,400000"
"2015";"44";"Grand Est";"54";"Meurthe-et-Moselle";"346309,79000";"734403";"471,550000"
"2015";"44";"Grand Est";"55";"Meuse";"92164,10000";"190626";"483,480000"
"2015";"44";"Grand Est";"57";"Moselle";"606023,92000";"1044486";"580,210000"
"2015";"44";"Grand Est";"67";"Bas-Rhin";"553127,08000";"1116658";"495,340000"
"2015";"44";"Grand Est";"68";"Haut-Rhin";"407633,95000";"762607";"534,530000"
"2015";"44";"Grand Est";"88";"Vosges";"203096,84000";"372016";"545,940000"
"2015";"32";"Hauts-de-France";"02";"Aisne";"290150,20000";"538707";"538,600000"
"2015";"32";"Hauts-de-France";"59";"Nord";"1562925,77000";"2605238";"599,920000"
"2015";"32";"Hauts-de-France";"60";"Oise";"499205,38000";"821552";"607,640000"
"2015";"32";"Hauts-de-France";"62";"Pas-de-Calais";"950483,24000";"1472648";"645,420000"
"2015";"32";"Hauts-de-France";"80";"Somme";"336781,53000";"571879";"588,900000"
"2015";"11";"Ile-de-France";"75";"Paris";"1029616,92000";"2206488";"466,630000"
"2015";"11";"Ile-de-France";"77";"Seine-et-Marne";"719934,82000";"1390121";"517,890000"
"2015";"11";"Ile-de-France";"78";"Yvelines";"683571,69000";"1427291";"478,930000"
"2015";"11";"Ile-de-France";"91";"Essonne";"616465,42000";"1276233";"483,040000"
"2015";"11";"Ile-de-France";"92";"Hauts-de-seine";"591334,29000";"1601569";"369,220000"
"2015";"11";"Ile-de-France";"93";"Seine-Saint-Denis";"716002,30000";"1592663";"449,560000"
"2015";"11";"Ile-de-France";"94";"Val-de-Marne";"555911,96000";"1372389";"405,070000"
"2015";"11";"Ile-de-France";"95";"Val-d'Oise";"595753,84000";"1215390";"490,180000"
"2015";"28";"Normandie";"14";"Calvados";"468025,07000";"693579";"674,800000"
"2015";"28";"Normandie";"27";"Eure";"390610,19000";"601948";"648,910000"
"2015";"28";"Normandie";"50";"Manche";"353462,08000";"499287";"707,930000"
"2015";"28";"Normandie";"61";"Orne";"173758,54000";"286618";"606,240000"
"2015";"28";"Normandie";"76";"Seine-Maritime";"797376,75000";"1257699";"634,000000"
"2015";"75";"Nouvelle-Aquitaine";"16";"Charente";"208277,53000";"353613";"589,000000"
"2015";"75";"Nouvelle-Aquitaine";"17";"Charente-Maritime";"455582,50000";"639938";"711,920000"
"2015";"75";"Nouvelle-Aquitaine";"19";"Corrèze";"127499,22000";"241871";"527,140000"
"2015";"75";"Nouvelle-Aquitaine";"23";"Creuse";"62250,55000";"120365";"517,180000"
"2015";"75";"Nouvelle-Aquitaine";"24";"Dordogne";"232016,58000";"415417";"558,510000"
"2015";"75";"Nouvelle-Aquitaine";"33";"Gironde";"885590,45000";"1548478";"571,910000"
"2015";"75";"Nouvelle-Aquitaine";"40";"Landes";"408808,43000";"403234";"1013,820000"
"2015";"75";"Nouvelle-Aquitaine";"47";"Lot-et-Garonne";"195932,92000";"333417";"587,650000"
"2015";"75";"Nouvelle-Aquitaine";"64";"Pyrénées-Atlantiques";"398935,91000";"670032";"595,400000"
"2015";"75";"Nouvelle-Aquitaine";"79";"Deux-Sèvres";"218623,63000";"374435";"583,880000"
"2015";"75";"Nouvelle-Aquitaine";"86";"Vienne";"240758,88000";"434887";"553,610000"
"2015";"75";"Nouvelle-Aquitaine";"87";"Haute-Vienne";"188870,45000";"375795";"502,590000"
"2015";"76";"Occitanie";"09";"Ariège";"108546,31000";"152499";"711,780000"
"2015";"76";"Occitanie";"11";"Aude";"248004,04000";"366957";"675,840000"
"2015";"76";"Occitanie";"12";"Aveyron";"144095,12000";"279169";"516,160000"
"2015";"76";"Occitanie";"30";"Gard";"515765,83000";"738189";"698,690000"
"2015";"76";"Occitanie";"31";"Haute-Garonne";"688361,52000";"1335103";"515,590000"
"2015";"76";"Occitanie";"32";"Gers";"105039,39000";"190932";"550,140000"
"2015";"76";"Occitanie";"34";"Hérault";"763929,56000";"1120190";"681,960000"
"2015";"76";"Occitanie";"46";"Lot";"111500,16000";"173400";"643,020000"
"2015";"76";"Occitanie";"48";"Lozère";"40495,19000";"76309";"530,670000"
"2015";"76";"Occitanie";"65";"Hautes-Pyrénées";"144479,98000";"228582";"632,070000"
"2015";"76";"Occitanie";"66";"Pyrénées-Orientales";"327247,02000";"471038";"694,740000"
"2015";"76";"Occitanie";"81";"Tarn";"219205,63000";"386543";"567,090000"
"2015";"76";"Occitanie";"82";"Tarn-et-Garonne";"150059,76000";"255274";"587,840000"
"2015";"52";"Pays de la Loire";"44";"Loire-Atlantique";"798713,31000";"1366203";"584,620000"
"2015";"52";"Pays de la Loire";"49";"Maine-et-Loire";"422802,36000";"809210";"522,490000"
"2015";"52";"Pays de la Loire";"53";"Mayenne";"177275,67000";"307940";"575,680000"
"2015";"52";"Pays de la Loire";"72";"Sarthe";"278183,57000";"568445";"489,380000"
"2015";"52";"Pays de la Loire";"85";"Vendée";"453725,90000";"666714";"680,540000"
"2015";"93";"Provence-Alpes-Côte d'Azur";"04";"Alpes-de-Haute-Provence";"129278,65000";"161799";"799,010000"
"2015";"93";"Provence-Alpes-Côte d'Azur";"05";"Hautes-Alpes";"99860,54000";"140916";"708,650000"
"2015";"93";"Provence-Alpes-Côte d'Azur";"06";"Alpes-Maritimes";"830372,83000";"1082440";"767,130000"
"2015";"93";"Provence-Alpes-Côte d'Azur";"13";"Bouches-du-Rhône";"1281771,00000";"2016622";"635,600000"
"2015";"93";"Provence-Alpes-Côte d'Azur";"83";"Var";"817967,60000";"1048652";"780,020000"
"2015";"93";"Provence-Alpes-Côte d'Azur";"84";"Vaucluse";"367573,41000";"557548";"659,270000"
"2017";"84";"Auvergne-Rhône-Alpes";"01";"Ain";"336002,38000";"643350";"522,270000"
"2017";"84";"Auvergne-Rhône-Alpes";"03";"Allier";"202245,67000";"337988";"598,380000"
"2017";"84";"Auvergne-Rhône-Alpes";"07";"Ardèche";"192026,26000";"325712";"589,560000"
"2017";"84";"Auvergne-Rhône-Alpes";"15";"Cantal";"82312,41000";"145143";"567,110000"
"2017";"84";"Auvergne-Rhône-Alpes";"26";"Drôme";"303466,94000";"511553";"593,230000"
"2017";"84";"Auvergne-Rhône-Alpes";"38";"Isère";"734053,12000";"1258722";"583,170000"
"2017";"84";"Auvergne-Rhône-Alpes";"42";"Loire";"402018,33000";"762941";"526,930000"
"2017";"84";"Auvergne-Rhône-Alpes";"43";"Haute-Loire";"119546,61000";"227283";"525,980000"
"2017";"84";"Auvergne-Rhône-Alpes";"63";"Puy-de-Dôme";"343294,77000";"653742";"525,120000"
"2017";"84";"Auvergne-Rhône-Alpes";"69";"Rhône";"767725,07000";"1843319";"416,490000"
"2017";"84";"Auvergne-Rhône-Alpes";"73";"Savoie";"298920,25000";"431174";"693,270000"
"2017";"84";"Auvergne-Rhône-Alpes";"74";"Haute-Savoie";"513938,03000";"807360";"636,570000"
"2017";"27";"Bourgogne-Franche-Comté";"21";"Cote-d'Or";"297597,35000";"533819";"557,490000"
"2017";"27";"Bourgogne-Franche-Comté";"25";"Doubs";"270836,82000";"539067";"502,420000"
"2017";"27";"Bourgogne-Franche-Comté";"39";"Jura";"140112,91000";"260188";"538,510000"
"2017";"27";"Bourgogne-Franche-Comté";"58";"Nièvre";"110925,49000";"207182";"535,400000"
"2017";"27";"Bourgogne-Franche-Comté";"70";"Haute-Saône";"129911,78000";"236659";"548,940000"
"2017";"27";"Bourgogne-Franche-Comté";"71";"Saône-et-Loire";"309019,30000";"553595";"558,200000"
"2017";"27";"Bourgogne-Franche-Comté";"89";"Yonne";"201433,07000";"338291";"595,440000"
"2017";"27";"Bourgogne-Franche-Comté";"90";"Territoire-de-Belfort";"80230,80000";"142622";"562,540000"
"2017";"53";"Bretagne";"22";"Cotes-d'Armor";"503983,56000";"598814";"841,640000"
"2017";"53";"Bretagne";"29";"Finistère";"704356,53000";"909028";"774,850000"
"2017";"53";"Bretagne";"35";"Ille-et-Vilaine";"561010,42000";"1060199";"529,160000"
"2017";"53";"Bretagne";"56";"Morbihan";"499506,69000";"750863";"665,240000"
"2017";"24";"Centre-Val de Loire";"18";"Cher";"172914,30000";"304256";"568,320000"
"2017";"24";"Centre-Val de Loire";"28";"Eure-et-Loir";"274500,41000";"433233";"633,610000"
"2017";"24";"Centre-Val de Loire";"36";"Indre";"122721,71000";"222232";"552,220000"
"2017";"24";"Centre-Val de Loire";"37";"Indre-et-Loire";"339498,74000";"606511";"559,760000"
"2017";"24";"Centre-Val de Loire";"41";"Loir-et-Cher";"199468,30000";"331915";"600,960000"
"2017";"24";"Centre-Val de Loire";"45";"Loiret";"379714,07000";"678105";"559,960000"
"2017";"94";"Corse";"2A";"Corse-du-Sud";"116206,42000";"157249";"739,000000"
"2017";"94";"Corse";"2B";"Haute-Corse";"120838,50000";"177689";"680,060000"
"2017";"97";"DROM-COM";"971";"Guadeloupe";"261159,15000";"390253";"669,200000"
"2017";"97";"DROM-COM";"972";"Martinique";"197863,89000";"372594";"531,040000"
"2017";"97";"DROM-COM";"973";"Guyane";"104926,32000";"268700";"390,500000"
"2017";"97";"DROM-COM";"974";"La Réunion";"568104,32000";"853659";"665,490000"
"2017";"97";"DROM-COM";"976";"Mayotte";"56757,06000";"256518";"221,260000"
"2017";"44";"Grand Est";"08";"Ardennes";"155511,83000";"273579";"568,430000"
"2017";"44";"Grand Est";"10";"Aube";"167795,41000";"310020";"541,240000"
"2017";"44";"Grand Est";"51";"Marne";"302053,19000";"568854";"530,990000"
"2017";"44";"Grand Est";"52";"Haute-Marne";"95560,17000";"175640";"544,070000"
"2017";"44";"Grand Est";"54";"Meurthe-et-Moselle";"375409,22000";"733481";"511,820000"
"2017";"44";"Grand Est";"55";"Meuse";"97822,28000";"187187";"522,590000"
"2017";"44";"Grand Est";"57";"Moselle";"589496,47000";"1043522";"564,910000"
"2017";"44";"Grand Est";"67";"Bas-Rhin";"544573,66000";"1125559";"483,830000"
"2017";"44";"Grand Est";"68";"Haut-Rhin";"434158,72000";"764030";"568,250000"
"2017";"44";"Grand Est";"88";"Vosges";"202000,70000";"367673";"549,400000"
"2017";"32";"Hauts-de-France";"02";"Aisne";"310343,20000";"534531";"580,590000"
"2017";"32";"Hauts-de-France";"59";"Nord";"1522860,83000";"2604361";"584,730000"
"2017";"32";"Hauts-de-France";"60";"Oise";"519032,90000";"824503";"629,510000"
"2017";"32";"Hauts-de-France";"62";"Pas-de-Calais";"1051242,87000";"1468018";"716,100000"
"2017";"32";"Hauts-de-France";"80";"Somme";"368944,77000";"572443";"644,510000"
"2017";"11";"Ile-de-France";"75";"Paris";"1046479,91000";"2187526";"478,390000"
"2017";"11";"Ile-de-France";"77";"Seine-et-Marne";"724912,93000";"1403997";"516,320000"
"2017";"11";"Ile-de-France";"78";"Yvelines";"702637,13000";"1438266";"488,530000"
"2017";"11";"Ile-de-France";"91";"Essonne";"643392,02000";"1296130";"496,390000"
"2017";"11";"Ile-de-France";"92";"Hauts-de-seine";"607808,45000";"1609306";"377,680000"
"2017";"11";"Ile-de-France";"93";"Seine-Saint-Denis";"744189,34000";"1623111";"458,500000"
"2017";"11";"Ile-de-France";"94";"Val-de-Marne";"563279,81000";"1387926";"405,840000"
"2017";"11";"Ile-de-France";"95";"Val-d'Oise";"606690,21000";"1228618";"493,800000"
"2017";"28";"Normandie";"14";"Calvados";"503054,83000";"694534";"724,310000"
"2017";"28";"Normandie";"27";"Eure";"375630,31000";"601843";"624,130000"
"2017";"28";"Normandie";"50";"Manche";"354993,18000";"496351";"715,210000"
"2017";"28";"Normandie";"61";"Orne";"174661,09000";"283372";"616,370000"
"2017";"28";"Normandie";"76";"Seine-Maritime";"815012,68000";"1254378";"649,730000"
"2017";"75";"Nouvelle-Aquitaine";"16";"Charente";"212991,40000";"352335";"604,510000"
"2017";"75";"Nouvelle-Aquitaine";"17";"Charente-Maritime";"466215,18000";"644303";"723,600000"
"2017";"75";"Nouvelle-Aquitaine";"19";"Corrèze";"137980,44000";"241464";"571,430000"
"2017";"75";"Nouvelle-Aquitaine";"23";"Creuse";"67081,02000";"118638";"565,430000"
"2017";"75";"Nouvelle-Aquitaine";"24";"Dordogne";"256086,66000";"413606";"619,160000"
"2017";"75";"Nouvelle-Aquitaine";"33";"Gironde";"949088,14000";"1583384";"599,400000"
"2017";"75";"Nouvelle-Aquitaine";"40";"Landes";"423390,42000";"407444";"1039,140000"
"2017";"75";"Nouvelle-Aquitaine";"47";"Lot-et-Garonne";"205749,23000";"332842";"618,160000"
"2017";"75";"Nouvelle-Aquitaine";"64";"Pyrénées-Atlantiques";"403033,62000";"677309";"595,050000"
"2017";"75";"Nouvelle-Aquitaine";"79";"Deux-Sèvres";"214774,61000";"374351";"573,730000"
"2017";"75";"Nouvelle-Aquitaine";"86";"Vienne";"248303,63000";"436876";"568,360000"
"2017";"75";"Nouvelle-Aquitaine";"87";"Haute-Vienne";"200157,99000";"374426";"534,570000"
"2017";"76";"Occitanie";"09";"Ariège";"111974,87000";"153153";"731,130000"
"2017";"76";"Occitanie";"11";"Aude";"251684,92000";"370260";"679,750000"
"2017";"76";"Occitanie";"12";"Aveyron";"148840,17000";"279206";"533,080000"
"2017";"76";"Occitanie";"30";"Gard";"513532,72000";"744178";"690,070000"
"2017";"76";"Occitanie";"31";"Haute-Garonne";"707274,70000";"1362672";"519,040000"
"2017";"76";"Occitanie";"32";"Gers";"105547,28000";"191091";"552,340000"
"2017";"76";"Occitanie";"34";"Hérault";"767608,71000";"1144892";"670,460000"
"2017";"76";"Occitanie";"46";"Lot";"115607,56000";"173828";"665,070000"
"2017";"76";"Occitanie";"48";"Lozère";"39778,57000";"76601";"519,300000"
"2017";"76";"Occitanie";"65";"Hautes-Pyrénées";"137113,92000";"228530";"599,980000"
"2017";"76";"Occitanie";"66";"Pyrénées-Orientales";"350728,65000";"474452";"739,230000"
"2017";"76";"Occitanie";"81";"Tarn";"223605,36000";"387890";"576,470000"
"2017";"76";"Occitanie";"82";"Tarn-et-Garonne";"153087,37000";"258349";"592,560000"
"2017";"52";"Pays de la Loire";"44";"Loire-Atlantique";"803190,41000";"1394783";"575,850000"
"2017";"52";"Pays de la Loire";"49";"Maine-et-Loire";"442616,09000";"813619";"544,010000"
"2017";"52";"Pays de la Loire";"53";"Mayenne";"186207,60000";"307445";"605,660000"
"2017";"52";"Pays de la Loire";"72";"Sarthe";"294329,28000";"566506";"519,550000"
"2017";"52";"Pays de la Loire";"85";"Vendée";"470864,02000";"675247";"697,320000"
"2017";"93";"Provence-Alpes-Côte d'Azur";"04";"Alpes-de-Haute-Provence";"127640,41000";"163915";"778,700000"
"2017";"93";"Provence-Alpes-Côte d'Azur";"05";"Hautes-Alpes";"97016,41000";"141284";"686,680000"
"2017";"93";"Provence-Alpes-Côte d'Azur";"06";"Alpes-Maritimes";"826043,58000";"1083310";"762,520000"
"2017";"93";"Provence-Alpes-Côte d'Azur";"13";"Bouches-du-Rhône";"1325959,99000";"2024162";"655,070000"
"2017";"93";"Provence-Alpes-Côte d'Azur";"83";"Var";"846030,71000";"1058740";"799,090000"
"2017";"93";"Provence-Alpes-Côte d'Azur";"84";"Vaucluse";"371216,78000";"559479";"663,500000"
"2019";"84";"Auvergne-Rhône-Alpes";"01";"Ain";"350065,45000";"652432";"536,550000"
"2019";"84";"Auvergne-Rhône-Alpes";"03";"Allier";"195299,52000";"335975";"581,290000"
"2019";"84";"Auvergne-Rhône-Alpes";"07";"Ardèche";"203970,09000";"328278";"621,330000"
"2019";"84";"Auvergne-Rhône-Alpes";"15";"Cantal";"78193,02000";"144692";"540,410000"
"2019";"84";"Auvergne-Rhône-Alpes";"26";"Drôme";"316203,72000";"516762";"611,890000"
"2019";"84";"Auvergne-Rhône-Alpes";"38";"Isère";"719849,09000";"1271166";"566,290000"
"2019";"84";"Auvergne-Rhône-Alpes";"42";"Loire";"414494,36000";"765634";"541,370000"
"2019";"84";"Auvergne-Rhône-Alpes";"43";"Haute-Loire";"123795,12000";"227570";"543,990000"
"2019";"84";"Auvergne-Rhône-Alpes";"63";"Puy-de-Dôme";"341457,40000";"662152";"515,680000"
"2019";"84";"Auvergne-Rhône-Alpes";"69";"Rhône";"787098,23000";"1875747";"419,620000"
"2019";"84";"Auvergne-Rhône-Alpes";"73";"Savoie";"305968,34000";"436434";"701,060000"
"2019";"84";"Auvergne-Rhône-Alpes";"74";"Haute-Savoie";"515409,55000";"826094";"623,910000"
"2019";"27";"Bourgogne-Franche-Comté";"21";"Cote-d'Or";"293042,01000";"534124";"548,640000"
"2019";"27";"Bourgogne-Franche-Comté";"25";"Doubs";"279717,34000";"543974";"514,210000"
"2019";"27";"Bourgogne-Franche-Comté";"39";"Jura";"135693,76000";"259199";"523,510000"
"2019";"27";"Bourgogne-Franche-Comté";"58";"Nièvre";"109006,15000";"204452";"533,160000"
"2019";"27";"Bourgogne-Franche-Comté";"70";"Haute-Saône";"129388,60000";"235313";"549,860000"
"2019";"27";"Bourgogne-Franche-Comté";"71";"Saône-et-Loire";"300487,68000";"551493";"544,860000"
"2019";"27";"Bourgogne-Franche-Comté";"89";"Yonne";"204927,56000";"335707";"610,440000"
"2019";"27";"Bourgogne-Franche-Comté";"90";"Territoire-de-Belfort";"77794,09000";"141318";"550,490000"
"2019";"53";"Bretagne";"22";"Cotes-d'Armor";"516301,05000";"600582";"859,670000"
"2019";"53";"Bretagne";"29";"Finistère";"695426,33000";"915090";"759,950000"
"2019";"53";"Bretagne";"35";"Ille-et-Vilaine";"572235,93000";"1079498";"530,090000"
"2019";"53";"Bretagne";"56";"Morbihan";"525361,70000";"759684";"691,550000"
"2019";"24";"Centre-Val de Loire";"18";"Cher";"171530,40000";"302306";"567,410000"
"2019";"24";"Centre-Val de Loire";"28";"Eure-et-Loir";"240805,27000";"431575";"557,970000"
"2019";"24";"Centre-Val de Loire";"36";"Indre";"113446,34000";"219316";"517,270000"
"2019";"24";"Centre-Val de Loire";"37";"Indre-et-Loire";"327908,77000";"610079";"537,490000"
"2019";"24";"Centre-Val de Loire";"41";"Loir-et-Cher";"204507,32000";"329470";"620,720000"
"2019";"24";"Centre-Val de Loire";"45";"Loiret";"415506,20000";"680434";"610,650000"
"2019";"94";"Corse";"2A";"Corse-du-Sud";"128896,34000";"158507";"813,190000"
"2019";"94";"Corse";"2B";"Haute-Corse";"127006,61000";"181933";"698,100000"
"2019";"97";"DROM-COM";"971";"Guadeloupe";"245597,46000";"384239";"639,180000"
"2019";"97";"DROM-COM";"972";"Martinique";"197872,87000";"364508";"542,850000"
"2019";"97";"DROM-COM";"973";"Guyane";"108025,61000";"281678";"383,510000"
"2019";"97";"DROM-COM";"974";"La Réunion";"507350,63000";"861210";"589,110000"
"2019";"44";"Grand Est";"08";"Ardennes";"152271,63000";"270582";"562,760000"
"2019";"44";"Grand Est";"10";"Aube";"170047,07000";"310242";"548,110000"
"2019";"44";"Grand Est";"51";"Marne";"302393,75000";"566855";"533,460000"
"2019";"44";"Grand Est";"52";"Haute-Marne";"95772,89000";"172512";"555,170000"
"2019";"44";"Grand Est";"54";"Meurthe-et-Moselle";"378788,15000";"733760";"516,230000"
"2019";"44";"Grand Est";"55";"Meuse";"91103,75000";"184083";"494,910000"
"2019";"44";"Grand Est";"57";"Moselle";"588918,32000";"1046543";"562,730000"
"2019";"44";"Grand Est";"67";"Bas-Rhin";"556759,95000";"1140057";"488,360000"
"2019";"44";"Grand Est";"68";"Haut-Rhin";"449752,95000";"767086";"586,310000"
"2019";"44";"Grand Est";"88";"Vosges";"206326,80000";"364499";"566,060000"
"2019";"32";"Hauts-de-France";"02";"Aisne";"316163,15000";"531345";"595,020000"
"2019";"32";"Hauts-de-France";"59";"Nord";"1510198,89000";"2608346";"578,990000"
"2019";"32";"Hauts-de-France";"60";"Oise";"514983,06000";"829419";"620,900000"
"2019";"32";"Hauts-de-France";"62";"Pas-de-Calais";"904068,71000";"1465278";"616,990000"
"2019";"32";"Hauts-de-France";"80";"Somme";"368027,58000";"570559";"645,030000"
"2019";"11";"Ile-de-France";"75";"Paris";"1025840,23000";"2165423";"473,740000"
"2019";"11";"Ile-de-France";"77";"Seine-et-Marne";"721893,21000";"1421197";"507,950000"
"2019";"11";"Ile-de-France";"78";"Yvelines";"705379,11000";"1448207";"487,070000"
"2019";"11";"Ile-de-France";"91";"Essonne";"682519,66000";"1301659";"524,350000"
"2019";"11";"Ile-de-France";"92";"Hauts-de-seine";"636366,87000";"1624357";"391,770000"
"2019";"11";"Ile-de-France";"93";"Seine-Saint-Denis";"751224,52000";"1644903";"456,700000"
"2019";"11";"Ile-de-France";"94";"Val-de-Marne";"562837,92000";"1407124";"399,990000"
"2019";"11";"Ile-de-France";"95";"Val-d'Oise";"636822,56000";"1249674";"509,590000"
"2019";"28";"Normandie";"14";"Calvados";"505874,28000";"694905";"727,980000"
"2019";"28";"Normandie";"27";"Eure";"383850,59000";"599507";"640,280000"
"2019";"28";"Normandie";"50";"Manche";"353939,28000";"495447";"714,380000"
"2019";"28";"Normandie";"61";"Orne";"171080,31000";"279942";"611,130000"
"2019";"28";"Normandie";"76";"Seine-Maritime";"808268,60000";"1255633";"643,710000"
"2019";"75";"Nouvelle-Aquitaine";"16";"Charente";"208112,28000";"352015";"591,200000"
"2019";"75";"Nouvelle-Aquitaine";"17";"Charente-Maritime";"482351,31000";"651358";"740,530000"
"2019";"75";"Nouvelle-Aquitaine";"19";"Corrèze";"137900,75000";"240073";"574,410000"
"2019";"75";"Nouvelle-Aquitaine";"23";"Creuse";"65248,61000";"116617";"559,510000"
"2019";"75";"Nouvelle-Aquitaine";"24";"Dordogne";"271639,82000";"413223";"657,370000"
"2019";"75";"Nouvelle-Aquitaine";"33";"Gironde";"971185,24000";"1623749";"598,110000"
"2019";"75";"Nouvelle-Aquitaine";"40";"Landes";"451081,31000";"413690";"1090,380000"
"2019";"75";"Nouvelle-Aquitaine";"47";"Lot-et-Garonne";"210823,28000";"331271";"636,410000"
"2019";"75";"Nouvelle-Aquitaine";"64";"Pyrénées-Atlantiques";"408569,47000";"682621";"598,530000"
"2019";"75";"Nouvelle-Aquitaine";"79";"Deux-Sèvres";"217061,83000";"374878";"579,020000"
"2019";"75";"Nouvelle-Aquitaine";"86";"Vienne";"250960,94000";"438435";"572,400000"
"2019";"75";"Nouvelle-Aquitaine";"87";"Haute-Vienne";"195865,50000";"372359";"526,010000"
"2019";"76";"Occitanie";"09";"Ariège";"123701,49000";"153287";"806,990000"
"2019";"76";"Occitanie";"11";"Aude";"253850,66000";"374070";"678,620000"
"2019";"76";"Occitanie";"12";"Aveyron";"151210,82000";"279595";"540,820000"
"2019";"76";"Occitanie";"30";"Gard";"523986,23000";"748437";"700,110000"
"2019";"76";"Occitanie";"31";"Haute-Garonne";"711435,53000";"1400039";"508,150000"
"2019";"76";"Occitanie";"32";"Gers";"108009,71000";"191377";"564,380000"
"2019";"76";"Occitanie";"34";"Hérault";"781536,46000";"1175623";"664,780000"
"2019";"76";"Occitanie";"46";"Lot";"117851,34000";"174094";"676,940000"
"2019";"76";"Occitanie";"48";"Lozère";"41540,22000";"76604";"542,270000"
"2019";"76";"Occitanie";"65";"Hautes-Pyrénées";"145590,66000";"229579";"634,160000"
"2019";"76";"Occitanie";"66";"Pyrénées-Orientales";"334589,42000";"479979";"697,090000"
"2019";"76";"Occitanie";"81";"Tarn";"238421,26000";"389881";"611,520000"
"2019";"76";"Occitanie";"82";"Tarn-et-Garonne";"154343,55000";"260669";"592,110000"
"2019";"52";"Pays de la Loire";"44";"Loire-Atlantique";"836996,23000";"1429548";"585,500000"
"2019";"52";"Pays de la Loire";"49";"Maine-et-Loire";"399082,32000";"817997";"487,880000"
"2019";"52";"Pays de la Loire";"53";"Mayenne";"207646,41000";"307062";"676,240000"
"2019";"52";"Pays de la Loire";"72";"Sarthe";"302901,20000";"566412";"534,770000"
"2019";"52";"Pays de la Loire";"85";"Vendée";"468479,84000";"685442";"683,470000"
"2019";"93";"Provence-Alpes-Côte d'Azur";"04";"Alpes-de-Haute-Provence";"128484,89000";"164308";"781,980000"
"2019";"93";"Provence-Alpes-Côte d'Azur";"05";"Hautes-Alpes";"99679,95000";"141220";"705,850000"
"2019";"93";"Provence-Alpes-Côte d'Azur";"06";"Alpes-Maritimes";"837510,23000";"1094283";"765,350000"
"2019";"93";"Provence-Alpes-Côte d'Azur";"13";"Bouches-du-Rhône";"1282488,45000";"2043110";"627,710000"
"2019";"93";"Provence-Alpes-Côte d'Azur";"83";"Var";"866567,83000";"1076711";"804,830000"
"2019";"93";"Provence-Alpes-Côte d'Azur";"84";"Vaucluse";"383071,84000";"561469";"682,270000"
"2021";"84";"Auvergne-Rhône-Alpes";"01";"Ain";"383588,52000";"663202";"578,390000"
"2021";"84";"Auvergne-Rhône-Alpes";"03";"Allier";"211893,77000";"334872";"632,760000"
"2021";"84";"Auvergne-Rhône-Alpes";"07";"Ardèche";"214746,94000";"331415";"647,970000"
"2021";"84";"Auvergne-Rhône-Alpes";"15";"Cantal";"87639,01000";"144226";"607,650000"
"2021";"84";"Auvergne-Rhône-Alpes";"26";"Drôme";"332762,53000";"519458";"640,600000"
"2021";"84";"Auvergne-Rhône-Alpes";"38";"Isère";"759136,57000";"1284948";"590,790000"
"2021";"84";"Auvergne-Rhône-Alpes";"42";"Loire";"438615,83000";"769029";"570,350000"
"2021";"84";"Auvergne-Rhône-Alpes";"43";"Haute-Loire";"134113,21000";"227284";"590,070000"
"2021";"84";"Auvergne-Rhône-Alpes";"63";"Puy-de-Dôme";"357731,83000";"662285";"540,150000"
"2021";"84";"Auvergne-Rhône-Alpes";"69";"Rhône";"846036,18000";"1893692";"446,770000"
"2021";"84";"Auvergne-Rhône-Alpes";"73";"Savoie";"285954,66000";"442468";"646,270000"
"2021";"84";"Auvergne-Rhône-Alpes";"74";"Haute-Savoie";"524206,95000";"841482";"622,960000"
"2021";"27";"Bourgogne-Franche-Comté";"21";"Cote-d'Or";"320211,17000";"535503";"597,960000"
"2021";"27";"Bourgogne-Franche-Comté";"25";"Doubs";"292953,89000";"547096";"535,470000"
"2021";"27";"Bourgogne-Franche-Comté";"39";"Jura";"150101,64000";"258555";"580,540000"
"2021";"27";"Bourgogne-Franche-Comté";"58";"Nièvre";"118749,10000";"202417";"586,660000"
"2021";"27";"Bourgogne-Franche-Comté";"70";"Haute-Saône";"143145,15000";"234296";"610,960000"
"2021";"27";"Bourgogne-Franche-Comté";"71";"Saône-et-Loire";"331237,22000";"549288";"603,030000"
"2021";"27";"Bourgogne-Franche-Comté";"89";"Yonne";"221879,39000";"333385";"665,540000"
"2021";"27";"Bourgogne-Franche-Comté";"90";"Territoire-de-Belfort";"92087,53000";"139654";"659,400000"
"2021";"53";"Bretagne";"22";"Cotes-d'Armor";"557679,02000";"605917";"920,390000"
"2021";"53";"Bretagne";"29";"Finistère";"731659,17000";"921638";"793,870000"
"2021";"53";"Bretagne";"35";"Ille-et-Vilaine";"610822,02000";"1098325";"556,140000"
"2021";"53";"Bretagne";"56";"Morbihan";"550525,47000";"768687";"716,190000"
"2021";"24";"Centre-Val de Loire";"18";"Cher";"174483,81000";"299573";"582,440000"
"2021";"24";"Centre-Val de Loire";"28";"Eure-et-Loir";"295334,74000";"431277";"684,790000"
"2021";"24";"Centre-Val de Loire";"36";"Indre";"125647,18000";"217228";"578,410000"
"2021";"24";"Centre-Val de Loire";"37";"Indre-et-Loire";"357030,92000";"612160";"583,230000"
"2021";"24";"Centre-Val de Loire";"41";"Loir-et-Cher";"210966,22000";"328504";"642,200000"
"2021";"24";"Centre-Val de Loire";"45";"Loiret";"439662,58000";"684561";"642,250000"
"2021";"94";"Corse";"2A";"Corse-du-Sud";"128749,50000";"162942";"790,160000"
"2021";"94";"Corse";"2B";"Haute-Corse";"130243,66000";"184655";"705,340000"
"2021";"97";"DROM-COM";"971";"Guadeloupe";"235410,90000";"384315";"612,550000"
"2021";"97";"DROM-COM";"972";"Martinique";"175169,88000";"360749";"485,570000"
"2021";"97";"DROM-COM";"974";"La Réunion";"541766,54000";"871157";"621,890000"
"2021";"44";"Grand Est";"08";"Ardennes";"167063,14000";"268859";"621,380000"
"2021";"44";"Grand Est";"10";"Aube";"175789,78000";"311329";"564,640000"
"2021";"44";"Grand Est";"51";"Marne";"306936,88000";"565292";"542,970000"
"2021";"44";"Grand Est";"52";"Haute-Marne";"99753,01000";"171042";"583,210000"
"2021";"44";"Grand Est";"54";"Meurthe-et-Moselle";"403882,69000";"732486";"551,390000"
"2021";"44";"Grand Est";"55";"Meuse";"92428,61000";"181919";"508,080000"
"2021";"44";"Grand Est";"57";"Moselle";"631238,16000";"1049942";"601,210000"
"2021";"44";"Grand Est";"67";"Bas-Rhin";"577593,18000";"1152662";"501,100000"
"2021";"44";"Grand Est";"68";"Haut-Rhin";"422109,95000";"767083";"550,280000"
"2021";"44";"Grand Est";"88";"Vosges";"224380,70000";"360673";"622,120000"
"2021";"32";"Hauts-de-France";"02";"Aisne";"328139,14000";"527468";"622,100000"
"2021";"32";"Hauts-de-France";"59";"Nord";"1710789,48000";"2611293";"655,150000"
"2021";"32";"Hauts-de-France";"60";"Oise";"555060,37000";"828838";"669,680000"
"2021";"32";"Hauts-de-France";"62";"Pas-de-Calais";"1041192,04000";"1461441";"712,440000"
"2021";"32";"Hauts-de-France";"80";"Somme";"403385,80000";"566252";"712,380000"
"2021";"11";"Ile-de-France";"75";"Paris";"917281,66000";"2133111";"430,020000"
"2021";"11";"Ile-de-France";"77";"Seine-et-Marne";"795957,32000";"1438100";"553,480000"
"2021";"11";"Ile-de-France";"78";"Yvelines";"726641,27000";"1456365";"498,940000"
"2021";"11";"Ile-de-France";"91";"Essonne";"722535,16000";"1313768";"549,970000"
"2021";"11";"Ile-de-France";"92";"Hauts-de-seine";"648041,03000";"1635291";"396,280000"
"2021";"11";"Ile-de-France";"93";"Seine-Saint-Denis";"771240,87000";"1668670";"462,190000"
"2021";"11";"Ile-de-France";"94";"Val-de-Marne";"567471,95000";"1415367";"400,940000"
"2021";"11";"Ile-de-France";"95";"Val-d'Oise";"712752,80000";"1256607";"567,200000"
"2021";"28";"Normandie";"14";"Calvados";"528964,82000";"700633";"754,980000"
"2021";"28";"Normandie";"27";"Eure";"447763,81000";"598934";"747,600000"
"2021";"28";"Normandie";"50";"Manche";"386943,07000";"495508";"780,900000"
"2021";"28";"Normandie";"61";"Orne";"180882,60000";"276973";"653,070000"
"2021";"28";"Normandie";"76";"Seine-Maritime";"853440,76000";"1255918";"679,540000"
"2021";"75";"Nouvelle-Aquitaine";"16";"Charente";"222394,69000";"350867";"633,840000"
"2021";"75";"Nouvelle-Aquitaine";"17";"Charente-Maritime";"503857,28000";"661404";"761,800000"
"2021";"75";"Nouvelle-Aquitaine";"19";"Corrèze";"150681,87000";"239784";"628,410000"
"2021";"75";"Nouvelle-Aquitaine";"23";"Creuse";"71710,88000";"115702";"619,790000"
"2021";"75";"Nouvelle-Aquitaine";"24";"Dordogne";"266910,93000";"413730";"645,130000"
"2021";"75";"Nouvelle-Aquitaine";"33";"Gironde";"1010157,98000";"1654970";"610,380000"
"2021";"75";"Nouvelle-Aquitaine";"40";"Landes";"467989,42000";"422976";"1106,420000"
"2021";"75";"Nouvelle-Aquitaine";"47";"Lot-et-Garonne";"219711,90000";"331229";"663,320000"
"2021";"75";"Nouvelle-Aquitaine";"64";"Pyrénées-Atlantiques";"431387,57000";"693027";"622,470000"
"2021";"75";"Nouvelle-Aquitaine";"79";"Deux-Sèvres";"245934,62000";"374587";"656,550000"
"2021";"75";"Nouvelle-Aquitaine";"86";"Vienne";"256703,87000";"439385";"584,230000"
"2021";"75";"Nouvelle-Aquitaine";"87";"Haute-Vienne";"199805,26000";"371691";"537,560000"
"2021";"76";"Occitanie";"09";"Ariège";"117726,07000";"154596";"761,510000"
"2021";"76";"Occitanie";"11";"Aude";"267973,48000";"376028";"712,640000"
"2021";"76";"Occitanie";"12";"Aveyron";"174231,44000";"279649";"623,040000"
"2021";"76";"Occitanie";"30";"Gard";"558293,28000";"756543";"737,950000"
"2021";"76";"Occitanie";"31";"Haute-Garonne";"742810,99000";"1434367";"517,870000"
"2021";"76";"Occitanie";"32";"Gers";"113289,59000";"192437";"588,710000"
"2021";"76";"Occitanie";"34";"Hérault";"797509,38000";"1201883";"663,550000"
"2021";"76";"Occitanie";"46";"Lot";"124035,48000";"174942";"709,010000"
"2021";"76";"Occitanie";"48";"Lozère";"46430,03000";"76519";"606,780000"
"2021";"76";"Occitanie";"65";"Hautes-Pyrénées";"142581,10000";"230956";"617,350000"
"2021";"76";"Occitanie";"66";"Pyrénées-Orientales";"363842,71000";"487307";"746,640000"
"2021";"76";"Occitanie";"81";"Tarn";"247522,21000";"393572";"628,910000"
"2021";"76";"Occitanie";"82";"Tarn-et-Garonne";"167381,86000";"263377";"635,520000"
"2021";"52";"Pays de la Loire";"44";"Loire-Atlantique";"924600,16000";"1457806";"634,240000"
"2021";"52";"Pays de la Loire";"49";"Maine-et-Loire";"454021,06000";"824743";"550,500000"
"2021";"52";"Pays de la Loire";"53";"Mayenne";"205582,07000";"305933";"671,980000"
"2021";"52";"Pays de la Loire";"72";"Sarthe";"325773,47000";"566058";"575,510000"
"2021";"52";"Pays de la Loire";"85";"Vendée";"497437,79000";"699459";"711,180000"
"2021";"93";"Provence-Alpes-Côte d'Azur";"04";"Alpes-de-Haute-Provence";"136280,39000";"166077";"820,590000"
"2021";"93";"Provence-Alpes-Côte d'Azur";"05";"Hautes-Alpes";"98714,06000";"140976";"700,220000"
"2021";"93";"Provence-Alpes-Côte d'Azur";"06";"Alpes-Maritimes";"850435,23000";"1103941";"770,360000"
"2021";"93";"Provence-Alpes-Côte d'Azur";"13";"Bouches-du-Rhône";"1312097,36000";"2056943";"637,890000"
"2021";"93";"Provence-Alpes-Côte d'Azur";"83";"Var";"950898,94000";"1095337";"868,130000"
"2021";"93";"Provence-Alpes-Côte d'Azur";"84";"Vaucluse";"396045,45000";"564566";"701,500000"
