C_REGION,L_REGION,C_DEPT,N_DEPT,RATIO_DMA,ANNEE,TONNAGE_DMA,VA_POPANNEE,cluster,RATIO_DMA_lag1,TONNAGE_DMA_lag1
84,Auvergne-Rhône-Alpes,01,Ain,487.5,2009,287065.55,588853,1,,
84,Auvergne-Rhône-Alpes,01,Ain,490.83,2011,296374.03,603827,1,487.5,287065.55
84,Auvergne-Rhône-Alpes,01,Ain,475.55,2013,294600.14,619497,1,490.83,296374.03
84,Auvergne-Rhône-Alpes,01,Ain,459.54,2015,290370.66,631877,1,475.55,294600.14
84,Auvergne-Rhône-Alpes,01,Ain,461.93,2017,297185.71,643350,1,459.54,290370.66
84,Auvergne-Rhône-Alpes,01,Ain,471.29,2019,307485.95,652432,1,461.93,297185.71
84,Auvergne-Rhône-Alpes,01,Ain,503.65,2021,334022.91,663202,1,471.29,307485.95
84,Auvergne-Rhône-Alpes,01,Ain,463.87,2023,315125.92,679344,1,503.65,334022.91
32,Hauts-de-France,02,Aisne,509.06,2009,274826.12,539870,0,,
32,Hauts-de-France,02,Aisne,518.14,2011,280467.64,541302,0,509.06,274826.12
32,Hauts-de-France,02,Aisne,521.53,2013,281659.72,540067,0,518.14,280467.64
32,Hauts-de-France,02,Aisne,495.57,2015,266966.98,538707,0,521.53,281659.72
32,Hauts-de-France,02,Aisne,527.39,2017,281907.86,534531,0,495.57,266966.98
32,Hauts-de-France,02,Aisne,538.77,2019,286274.98,531345,0,527.39,281907.86
32,Hauts-de-France,02,Aisne,558.58,2021,294634.12,527468,0,538.77,286274.98
32,Hauts-de-France,02,Aisne,500.35,2023,261854.58,523342,0,558.58,294634.12
84,Auvergne-Rhône-Alpes,03,Allier,502.33,2009,172323.7,343046,0,,
84,Auvergne-Rhône-Alpes,03,Allier,503.75,2011,172649.41,342729,0,502.33,172323.7
84,Auvergne-Rhône-Alpes,03,Allier,521.85,2013,179219.15,343431,0,503.75,172649.41
84,Auvergne-Rhône-Alpes,03,Allier,532.75,2015,181995.59,341613,0,521.85,179219.15
84,Auvergne-Rhône-Alpes,03,Allier,548.15,2017,185266.68,337988,0,532.75,181995.59
84,Auvergne-Rhône-Alpes,03,Allier,529.41,2019,177869.78,335975,0,548.15,185266.68
84,Auvergne-Rhône-Alpes,03,Allier,567.61,2021,190075.68,334872,0,529.41,177869.78
84,Auvergne-Rhône-Alpes,03,Allier,512.68,2023,170874.24,333298,0,567.61,190075.68
93,Provence-Alpes-Côte d'Azur,04,Alpes-de-Haute-Provence,622.1,2009,99193.08,159450,0,,
93,Provence-Alpes-Côte d'Azur,04,Alpes-de-Haute-Provence,633.95,2011,102040.17,160959,0,622.1,99193.08
93,Provence-Alpes-Côte d'Azur,04,Alpes-de-Haute-Provence,604.77,2013,97921.21,161916,0,633.95,102040.17
93,Provence-Alpes-Côte d'Azur,04,Alpes-de-Haute-Provence,637.98,2015,103224.83,161799,0,604.77,97921.21
93,Provence-Alpes-Côte d'Azur,04,Alpes-de-Haute-Provence,642.44,2017,105306.16,163915,0,637.98,103224.83
93,Provence-Alpes-Côte d'Azur,04,Alpes-de-Haute-Provence,663.77,2019,109063.13,164308,0,642.44,105306.16
93,Provence-Alpes-Côte d'Azur,04,Alpes-de-Haute-Provence,686.01,2021,113930.97,166077,0,663.77,109063.13
93,Provence-Alpes-Côte d'Azur,04,Alpes-de-Haute-Provence,678.66,2023,114051.34,168054,0,686.01,113930.97
93,Provence-Alpes-Côte d'Azur,05,Hautes-Alpes,662.86,2009,90040.01,135836,0,,
93,Provence-Alpes-Côte d'Azur,05,Hautes-Alpes,641.5,2011,88915.5,138605,0,662.86,90040.01
93,Provence-Alpes-Côte d'Azur,05,Hautes-Alpes,642.01,2013,89418.13,139279,0,641.5,88915.5
93,Provence-Alpes-Côte d'Azur,05,Hautes-Alpes,644.66,2015,90843.37,140916,0,642.01,89418.13
93,Provence-Alpes-Côte d'Azur,05,Hautes-Alpes,628.14,2017,88745.53,141284,0,644.66,90843.37
93,Provence-Alpes-Côte d'Azur,05,Hautes-Alpes,635.8,2019,89787.83,141220,0,628.14,88745.53
93,Provence-Alpes-Côte d'Azur,05,Hautes-Alpes,618.08,2021,87134.09,140976,0,635.8,89787.83
93,Provence-Alpes-Côte d'Azur,05,Hautes-Alpes,601.3,2023,86266.3,143467,0,618.08,87134.09
93,Provence-Alpes-Côte d'Azur,06,Alpes-Maritimes,673.92,2009,727223.28,1079100,1,,
93,Provence-Alpes-Côte d'Azur,06,Alpes-Maritimes,697.19,2011,753834.52,1081244,1,673.92,727223.28
93,Provence-Alpes-Côte d'Azur,06,Alpes-Maritimes,680.79,2013,735783.2,1080771,1,697.19,753834.52
93,Provence-Alpes-Côte d'Azur,06,Alpes-Maritimes,697.71,2015,755224.74,1082440,1,680.79,735783.2
93,Provence-Alpes-Côte d'Azur,06,Alpes-Maritimes,693.32,2017,751083.3,1083310,1,697.71,755224.74
93,Provence-Alpes-Côte d'Azur,06,Alpes-Maritimes,692.54,2019,757833.23,1094283,1,693.32,751083.3
93,Provence-Alpes-Côte d'Azur,06,Alpes-Maritimes,686.94,2021,758341.15,1103941,1,692.54,757833.23
93,Provence-Alpes-Côte d'Azur,06,Alpes-Maritimes,646.93,2023,730009.26,1128418,1,686.94,758341.15
84,Auvergne-Rhône-Alpes,07,Ardèche,482.93,2009,151436.61,313578,0,,
84,Auvergne-Rhône-Alpes,07,Ardèche,480.53,2011,152462.27,317277,0,482.93,151436.61
84,Auvergne-Rhône-Alpes,07,Ardèche,493.06,2013,157964.75,320379,0,480.53,152462.27
84,Auvergne-Rhône-Alpes,07,Ardèche,515.2,2015,167033.79,324209,0,493.06,157964.75
84,Auvergne-Rhône-Alpes,07,Ardèche,521.83,2017,169967.66,325712,0,515.2,167033.79
84,Auvergne-Rhône-Alpes,07,Ardèche,549.68,2019,180449.38,328278,0,521.83,169967.66
84,Auvergne-Rhône-Alpes,07,Ardèche,568.39,2021,188374.12,331415,0,549.68,180449.38
84,Auvergne-Rhône-Alpes,07,Ardèche,528.76,2023,176727.3,334231,0,568.39,188374.12
44,Grand Est,08,Ardennes,520.25,2009,147383.39,283296,0,,
44,Grand Est,08,Ardennes,521.01,2011,147501.89,283110,0,520.25,147383.39
44,Grand Est,08,Ardennes,492.82,2013,138436.59,280907,0,521.01,147501.89
44,Grand Est,08,Ardennes,514.75,2015,142971.98,277752,0,492.82,138436.59
44,Grand Est,08,Ardennes,524.36,2017,143455.15,273579,0,514.75,142971.98
44,Grand Est,08,Ardennes,518.06,2019,140177.83,270582,0,524.36,143455.15
44,Grand Est,08,Ardennes,554.65,2021,149123.77,268859,0,518.06,140177.83
44,Grand Est,08,Ardennes,494.19,2023,131400.78,265893,0,554.65,149123.77
76,Occitanie,09,Ariège,656.27,2009,99173.75,151117,0,,
76,Occitanie,09,Ariège,640.78,2011,97581.14,152286,0,656.27,99173.75
76,Occitanie,09,Ariège,619.04,2013,94516.8,152684,0,640.78,97581.14
76,Occitanie,09,Ariège,648.27,2015,98860.6,152499,0,619.04,94516.8
76,Occitanie,09,Ariège,671.14,2017,102787.55,153153,0,648.27,98860.6
76,Occitanie,09,Ariège,699.72,2019,107257.64,153287,0,671.14,102787.55
76,Occitanie,09,Ariège,654.47,2021,101178.12,154596,0,699.72,107257.64
76,Occitanie,09,Ariège,625.66,2023,97428.96,155722,0,654.47,101178.12
44,Grand Est,10,Aube,527.93,2009,160120.99,303298,0,,
44,Grand Est,10,Aube,538.12,2011,163585.84,303997,0,527.93,160120.99
44,Grand Est,10,Aube,497.48,2013,152516.51,306581,0,538.12,163585.84
44,Grand Est,10,Aube,472.01,2015,145876.26,309056,0,497.48,152516.51
44,Grand Est,10,Aube,498.12,2017,154425.69,310020,0,472.01,145876.26
44,Grand Est,10,Aube,505.28,2019,156760.6,310242,0,498.12,154425.69
44,Grand Est,10,Aube,512.61,2021,159589.72,311329,0,505.28,156760.6
44,Grand Est,10,Aube,495.64,2023,153868.57,310447,0,512.61,159589.72
76,Occitanie,11,Aude,617.22,2009,218484.48,353980,0,,
76,Occitanie,11,Aude,600.08,2011,216007.38,359967,0,617.22,218484.48
76,Occitanie,11,Aude,607.08,2013,221509.56,364877,0,600.08,216007.38
76,Occitanie,11,Aude,606.28,2015,222480.39,366957,0,607.08,221509.56
76,Occitanie,11,Aude,612.63,2017,226831.33,370260,0,606.28,222480.39
76,Occitanie,11,Aude,613.12,2019,229351.25,374070,0,612.63,226831.33
76,Occitanie,11,Aude,635.7,2021,239039.85,376028,0,613.12,229351.25
76,Occitanie,11,Aude,582.62,2023,221190.37,379648,0,635.7,239039.85
76,Occitanie,12,Aveyron,478.35,2009,132526.93,277048,0,,
76,Occitanie,12,Aveyron,463.66,2011,127883.41,275813,0,478.35,132526.93
76,Occitanie,12,Aveyron,459.39,2013,127592.22,277740,0,463.66,127883.41
76,Occitanie,12,Aveyron,470.89,2015,131458.25,279169,0,459.39,127592.22
76,Occitanie,12,Aveyron,501.29,2017,139964.5,279206,0,470.89,131458.25
76,Occitanie,12,Aveyron,507.67,2019,141942.26,279595,0,501.29,139964.5
76,Occitanie,12,Aveyron,546.51,2021,152830.47,279649,0,507.67,141942.26
76,Occitanie,12,Aveyron,514.43,2023,143839.16,279609,0,546.51,152830.47
93,Provence-Alpes-Côte d'Azur,13,Bouches-du-Rhône,601.31,2009,1182965.29,1967299,0,,
93,Provence-Alpes-Côte d'Azur,13,Bouches-du-Rhône,597.99,2011,1181556.37,1975896,0,601.31,1182965.29
93,Provence-Alpes-Côte d'Azur,13,Bouches-du-Rhône,569.25,2013,1134614.56,1993177,0,597.99,1181556.37
93,Provence-Alpes-Côte d'Azur,13,Bouches-du-Rhône,556.07,2015,1121372.99,2016622,0,569.25,1134614.56
93,Provence-Alpes-Côte d'Azur,13,Bouches-du-Rhône,569.27,2017,1152297.0,2024162,0,556.07,1121372.99
93,Provence-Alpes-Côte d'Azur,13,Bouches-du-Rhône,553.93,2019,1131730.73,2043110,0,569.27,1152297.0
93,Provence-Alpes-Côte d'Azur,13,Bouches-du-Rhône,560.2,2021,1152292.21,2056943,0,553.93,1131730.73
93,Provence-Alpes-Côte d'Azur,13,Bouches-du-Rhône,507.22,2023,1058903.31,2087658,0,560.2,1152292.21
28,Normandie,14,Calvados,621.97,2009,423506.54,680908,1,,
28,Normandie,14,Calvados,627.54,2011,430030.55,685262,1,621.97,423506.54
28,Normandie,14,Calvados,616.89,2013,425623.13,689945,1,627.54,430030.55
28,Normandie,14,Calvados,604.81,2015,419482.45,693579,1,616.89,425623.13
28,Normandie,14,Calvados,646.59,2017,449078.4,694534,1,604.81,419482.45
28,Normandie,14,Calvados,654.18,2019,454596.21,694905,1,646.59,449078.4
28,Normandie,14,Calvados,664.32,2021,465442.86,700633,1,654.18,454596.21
28,Normandie,14,Calvados,613.78,2023,435443.6,709441,1,664.32,465442.86
84,Auvergne-Rhône-Alpes,15,Cantal,543.24,2009,80606.36,148380,0,,
84,Auvergne-Rhône-Alpes,15,Cantal,576.11,2011,85021.3,147577,0,543.24,80606.36
84,Auvergne-Rhône-Alpes,15,Cantal,486.88,2013,71588.63,147035,0,576.11,85021.3
84,Auvergne-Rhône-Alpes,15,Cantal,506.78,2015,74101.23,146219,0,486.88,71588.63
84,Auvergne-Rhône-Alpes,15,Cantal,515.54,2017,74826.46,145143,0,506.78,74101.23
84,Auvergne-Rhône-Alpes,15,Cantal,488.92,2019,70742.76,144692,0,515.54,74826.46
84,Auvergne-Rhône-Alpes,15,Cantal,557.07,2021,80344.56,144226,0,488.92,70742.76
84,Auvergne-Rhône-Alpes,15,Cantal,518.63,2023,74784.84,144196,0,557.07,80344.56
75,Nouvelle-Aquitaine,16,Charente,504.86,2009,177491.59,351563,3,,
75,Nouvelle-Aquitaine,16,Charente,496.08,2011,174970.7,352705,3,504.86,177491.59
75,Nouvelle-Aquitaine,16,Charente,507.12,2013,179259.38,353482,3,496.08,174970.7
75,Nouvelle-Aquitaine,16,Charente,511.71,2015,180947.46,353613,3,507.12,179259.38
75,Nouvelle-Aquitaine,16,Charente,525.56,2017,185173.06,352335,3,511.71,180947.46
75,Nouvelle-Aquitaine,16,Charente,515.77,2019,181560.03,352015,3,525.56,185173.06
75,Nouvelle-Aquitaine,16,Charente,540.67,2021,189703.67,350867,3,515.77,181560.03
75,Nouvelle-Aquitaine,16,Charente,501.6,2023,176906.13,352683,3,540.67,189703.67
75,Nouvelle-Aquitaine,17,Charente-Maritime,651.08,2009,401462.01,616607,3,,
75,Nouvelle-Aquitaine,17,Charente-Maritime,651.14,2011,407407.15,625682,3,651.08,401462.01
75,Nouvelle-Aquitaine,17,Charente-Maritime,643.04,2013,407311.28,633417,3,651.14,407407.15
75,Nouvelle-Aquitaine,17,Charente-Maritime,638.63,2015,408686.19,639938,3,643.04,407311.28
75,Nouvelle-Aquitaine,17,Charente-Maritime,650.77,2017,419292.55,644303,3,638.63,408686.19
75,Nouvelle-Aquitaine,17,Charente-Maritime,664.05,2019,432531.06,651358,3,650.77,419292.55
75,Nouvelle-Aquitaine,17,Charente-Maritime,670.86,2021,443706.7,661404,3,664.05,432531.06
75,Nouvelle-Aquitaine,17,Charente-Maritime,625.87,2023,420756.73,672279,3,670.86,443706.7
24,Centre-Val de Loire,18,Cher,528.48,2009,164367.9,311022,0,,
24,Centre-Val de Loire,18,Cher,502.21,2011,156536.59,311694,0,528.48,164367.9
24,Centre-Val de Loire,18,Cher,485.71,2013,151370.75,311650,0,502.21,156536.59
24,Centre-Val de Loire,18,Cher,496.05,2015,153274.81,308992,0,485.71,151370.75
24,Centre-Val de Loire,18,Cher,524.34,2017,159533.54,304256,0,496.05,153274.81
24,Centre-Val de Loire,18,Cher,507.04,2019,153279.83,302306,0,524.34,159533.54
24,Centre-Val de Loire,18,Cher,529.72,2021,158690.92,299573,0,507.04,153279.83
24,Centre-Val de Loire,18,Cher,507.76,2023,151647.7,298660,0,529.72,158690.92
75,Nouvelle-Aquitaine,19,Corrèze,512.76,2009,124780.92,243352,1,,
75,Nouvelle-Aquitaine,19,Corrèze,491.72,2011,119219.46,242454,1,512.76,124780.92
75,Nouvelle-Aquitaine,19,Corrèze,466.14,2013,112238.82,240781,1,491.72,119219.46
75,Nouvelle-Aquitaine,19,Corrèze,492.12,2015,119029.69,241871,1,466.14,112238.82
75,Nouvelle-Aquitaine,19,Corrèze,532.24,2017,128517.18,241464,1,492.12,119029.69
75,Nouvelle-Aquitaine,19,Corrèze,529.65,2019,127155.06,240073,1,532.24,128517.18
75,Nouvelle-Aquitaine,19,Corrèze,575.32,2021,137952.99,239784,1,529.65,127155.06
75,Nouvelle-Aquitaine,19,Corrèze,546.18,2023,131534.7,240826,1,575.32,137952.99
27,Bourgogne-Franche-Comté,21,Cote-d'Or,518.17,2009,271593.67,524144,1,,
27,Bourgogne-Franche-Comté,21,Cote-d'Or,509.54,2011,267984.42,525931,1,518.17,271593.67
27,Bourgogne-Franche-Comté,21,Cote-d'Or,502.03,2013,265953.57,529761,1,509.54,267984.42
27,Bourgogne-Franche-Comté,21,Cote-d'Or,493.76,2015,263245.15,533147,1,502.03,265953.57
27,Bourgogne-Franche-Comté,21,Cote-d'Or,494.97,2017,264225.28,533819,1,493.76,263245.15
27,Bourgogne-Franche-Comté,21,Cote-d'Or,478.94,2019,255811.93,534124,1,494.97,264225.28
27,Bourgogne-Franche-Comté,21,Cote-d'Or,519.84,2021,278374.76,535503,1,478.94,255811.93
27,Bourgogne-Franche-Comté,21,Cote-d'Or,449.43,2023,242738.44,540100,1,519.84,278374.76
53,Bretagne,22,Cotes-d'Armor,624.36,2009,366822.63,587519,1,,
53,Bretagne,22,Cotes-d'Armor,621.1,2011,369164.39,594375,1,624.36,366822.63
53,Bretagne,22,Cotes-d'Armor,632.06,2013,377395.74,597085,1,621.1,369164.39
53,Bretagne,22,Cotes-d'Armor,663.06,2015,396744.87,598357,1,632.06,377395.74
53,Bretagne,22,Cotes-d'Armor,729.66,2017,436930.28,598814,1,663.06,396744.87
53,Bretagne,22,Cotes-d'Armor,718.58,2019,431566.31,600582,1,729.66,436930.28
53,Bretagne,22,Cotes-d'Armor,738.72,2021,447603.29,605917,1,718.58,431566.31
53,Bretagne,22,Cotes-d'Armor,685.92,2023,419688.6,611859,1,738.72,447603.29
75,Nouvelle-Aquitaine,23,Creuse,457.01,2009,56478.61,123584,0,,
75,Nouvelle-Aquitaine,23,Creuse,448.03,2011,54910.7,122560,0,457.01,56478.61
75,Nouvelle-Aquitaine,23,Creuse,470.67,2013,56891.39,120872,0,448.03,54910.7
75,Nouvelle-Aquitaine,23,Creuse,472.21,2015,56837.95,120365,0,470.67,56891.39
75,Nouvelle-Aquitaine,23,Creuse,512.84,2017,60842.54,118638,0,472.21,56837.95
75,Nouvelle-Aquitaine,23,Creuse,495.63,2019,57799.06,116617,0,512.84,60842.54
75,Nouvelle-Aquitaine,23,Creuse,525.65,2021,60818.78,115702,0,495.63,57799.06
75,Nouvelle-Aquitaine,23,Creuse,489.2,2023,56515.33,115527,0,525.65,60818.78
75,Nouvelle-Aquitaine,24,Dordogne,617.87,2009,254612.49,412082,0,,
75,Nouvelle-Aquitaine,24,Dordogne,513.67,2011,213260.33,415168,0,617.87,254612.49
75,Nouvelle-Aquitaine,24,Dordogne,504.79,2013,210452.56,416909,0,513.67,213260.33
75,Nouvelle-Aquitaine,24,Dordogne,506.14,2015,210259.63,415417,0,504.79,210452.56
75,Nouvelle-Aquitaine,24,Dordogne,553.22,2017,228815.83,413606,0,506.14,210259.63
75,Nouvelle-Aquitaine,24,Dordogne,589.07,2019,243416.83,413223,0,553.22,228815.83
75,Nouvelle-Aquitaine,24,Dordogne,577.31,2021,238850.78,413730,0,589.07,243416.83
75,Nouvelle-Aquitaine,24,Dordogne,521.72,2023,217878.48,417614,0,577.31,238850.78
27,Bourgogne-Franche-Comté,25,Doubs,527.12,2009,276884.01,525276,1,,
27,Bourgogne-Franche-Comté,25,Doubs,506.73,2011,268112.11,529103,1,527.12,276884.01
27,Bourgogne-Franche-Comté,25,Doubs,483.23,2013,257714.83,533320,1,506.73,268112.11
27,Bourgogne-Franche-Comté,25,Doubs,461.36,2015,247732.77,536959,1,483.23,257714.83
27,Bourgogne-Franche-Comté,25,Doubs,447.91,2017,241451.53,539067,1,461.36,247732.77
27,Bourgogne-Franche-Comté,25,Doubs,451.37,2019,245534.7,543974,1,447.91,241451.53
27,Bourgogne-Franche-Comté,25,Doubs,468.2,2021,256148.03,547096,1,451.37,245534.7
27,Bourgogne-Franche-Comté,25,Doubs,408.8,2023,223681.31,547163,1,468.2,256148.03
84,Auvergne-Rhône-Alpes,26,Drôme,500.41,2009,241691.29,482984,0,,
84,Auvergne-Rhône-Alpes,26,Drôme,506.96,2011,247392.63,487993,0,500.41,241691.29
84,Auvergne-Rhône-Alpes,26,Drôme,507.84,2013,251234.95,494712,0,506.96,247392.63
84,Auvergne-Rhône-Alpes,26,Drôme,507.42,2015,256061.62,504637,0,507.84,251234.95
84,Auvergne-Rhône-Alpes,26,Drôme,514.74,2017,263314.53,511553,0,507.42,256061.62
84,Auvergne-Rhône-Alpes,26,Drôme,540.42,2019,279269.28,516762,0,514.74,263314.53
84,Auvergne-Rhône-Alpes,26,Drôme,564.07,2021,293008.79,519458,0,540.42,279269.28
84,Auvergne-Rhône-Alpes,26,Drôme,518.58,2023,271841.26,524207,0,564.07,293008.79
28,Normandie,27,Eure,591.65,2009,344824.21,582822,1,,
28,Normandie,27,Eure,599.57,2011,352612.22,588111,1,591.65,344824.21
28,Normandie,27,Eure,605.86,2013,360513.26,595043,1,599.57,352612.22
28,Normandie,27,Eure,575.44,2015,346384.85,601948,1,605.86,360513.26
28,Normandie,27,Eure,555.87,2017,334547.89,601843,1,575.44,346384.85
28,Normandie,27,Eure,568.34,2019,340722.12,599507,1,555.87,334547.89
28,Normandie,27,Eure,655.72,2021,392731.64,598934,1,568.34,340722.12
28,Normandie,27,Eure,594.24,2023,358155.09,602714,1,655.72,392731.64
24,Centre-Val de Loire,28,Eure-et-Loir,515.31,2009,219265.06,425502,1,,
24,Centre-Val de Loire,28,Eure-et-Loir,568.15,2011,244539.75,430416,1,515.31,219265.06
24,Centre-Val de Loire,28,Eure-et-Loir,525.04,2013,227325.51,432967,1,568.15,244539.75
24,Centre-Val de Loire,28,Eure-et-Loir,554.36,2015,240609.56,434035,1,525.04,227325.51
24,Centre-Val de Loire,28,Eure-et-Loir,566.63,2017,245484.24,433233,1,554.36,240609.56
24,Centre-Val de Loire,28,Eure-et-Loir,512.51,2019,221187.0,431575,1,566.63,245484.24
24,Centre-Val de Loire,28,Eure-et-Loir,609.13,2021,262705.17,431277,1,512.51,221187.0
24,Centre-Val de Loire,28,Eure-et-Loir,454.44,2023,196831.96,433129,1,609.13,262705.17
53,Bretagne,29,Finistère,701.62,2009,627184.71,893914,1,,
53,Bretagne,29,Finistère,680.74,2011,612580.73,899870,1,701.62,627184.71
53,Bretagne,29,Finistère,681.96,2013,616437.85,903921,1,680.74,612580.73
53,Bretagne,29,Finistère,674.88,2015,612650.65,907796,1,681.96,616437.85
53,Bretagne,29,Finistère,693.84,2017,630721.95,909028,1,674.88,612650.65
53,Bretagne,29,Finistère,683.68,2019,625632.93,915090,1,693.84,630721.95
53,Bretagne,29,Finistère,704.96,2021,649721.47,921638,1,683.68,625632.93
53,Bretagne,29,Finistère,652.63,2023,609199.55,933455,1,704.96,649721.47
94,Corse,2A,Corse-du-Sud,607.08,2009,85797.97,141330,0,,
94,Corse,2A,Corse-du-Sud,596.93,2011,87060.53,145846,0,607.08,85797.97
94,Corse,2A,Corse-du-Sud,676.8,2013,101000.93,149234,0,596.93,87060.53
94,Corse,2A,Corse-du-Sud,695.12,2015,106165.53,152730,0,676.8,101000.93
94,Corse,2A,Corse-du-Sud,709.47,2017,111564.19,157249,0,695.12,106165.53
94,Corse,2A,Corse-du-Sud,766.1,2019,121431.68,158507,0,709.47,111564.19
94,Corse,2A,Corse-du-Sud,770.44,2021,125536.9,162942,0,766.1,121431.68
94,Corse,2A,Corse-du-Sud,634.88,2023,106853.88,168306,0,770.44,125536.9
94,Corse,2B,Haute-Corse,571.79,2009,93970.38,164344,0,,
94,Corse,2B,Haute-Corse,686.71,2011,115806.83,168640,0,571.79,93970.38
94,Corse,2B,Haute-Corse,681.96,2013,116596.78,170974,0,686.71,115806.83
94,Corse,2B,Haute-Corse,599.06,2015,104567.43,174553,0,681.96,116596.78
94,Corse,2B,Haute-Corse,653.68,2017,116151.33,177689,0,599.06,104567.43
94,Corse,2B,Haute-Corse,673.41,2019,122514.86,181933,0,653.68,116151.33
94,Corse,2B,Haute-Corse,679.63,2021,125497.4,184655,0,673.41,122514.86
94,Corse,2B,Haute-Corse,573.2,2023,107291.2,187180,0,679.63,125497.4
76,Occitanie,30,Gard,567.19,2009,398102.37,701883,1,,
76,Occitanie,30,Gard,554.26,2011,398155.24,718357,1,567.19,398102.37
76,Occitanie,30,Gard,521.48,2013,382346.14,733201,1,554.26,398155.24
76,Occitanie,30,Gard,581.76,2015,429448.23,738189,1,521.48,382346.14
76,Occitanie,30,Gard,576.78,2017,429229.41,744178,1,581.76,429448.23
76,Occitanie,30,Gard,583.36,2019,436610.19,748437,1,576.78,429229.41
76,Occitanie,30,Gard,607.55,2021,459635.34,756543,1,583.36,436610.19
76,Occitanie,30,Gard,565.28,2023,435793.69,770940,1,607.55,459635.34
76,Occitanie,31,Haute-Garonne,487.19,2009,599647.26,1230820,1,,
76,Occitanie,31,Haute-Garonne,471.72,2011,594473.86,1260226,1,487.19,599647.26
76,Occitanie,31,Haute-Garonne,445.85,2013,578968.67,1298562,1,471.72,594473.86
76,Occitanie,31,Haute-Garonne,476.95,2015,636778.67,1335103,1,445.85,578968.67
76,Occitanie,31,Haute-Garonne,476.8,2017,649727.65,1362672,1,476.95,636778.67
76,Occitanie,31,Haute-Garonne,470.55,2019,658783.65,1400039,1,476.8,649727.65
76,Occitanie,31,Haute-Garonne,473.95,2021,679824.65,1434367,1,470.55,658783.65
76,Occitanie,31,Haute-Garonne,434.33,2023,639099.35,1471468,1,473.95,679824.65
76,Occitanie,32,Gers,478.4,2009,89547.67,187181,0,,
76,Occitanie,32,Gers,462.11,2011,87288.83,188893,0,478.4,89547.67
76,Occitanie,32,Gers,483.09,2013,91920.28,190276,0,462.11,87288.83
76,Occitanie,32,Gers,489.96,2015,93548.29,190932,0,483.09,91920.28
76,Occitanie,32,Gers,494.96,2017,94581.45,191091,0,489.96,93548.29
76,Occitanie,32,Gers,505.05,2019,96654.58,191377,0,494.96,94581.45
76,Occitanie,32,Gers,523.41,2021,100724.41,192437,0,505.05,96654.58
76,Occitanie,32,Gers,502.76,2023,96854.5,192645,0,523.41,100724.41
75,Nouvelle-Aquitaine,33,Gironde,556.12,2009,797837.48,1434661,1,,
75,Nouvelle-Aquitaine,33,Gironde,559.31,2011,818646.85,1463662,1,556.12,797837.48
75,Nouvelle-Aquitaine,33,Gironde,542.43,2013,816637.39,1505517,1,559.31,818646.85
75,Nouvelle-Aquitaine,33,Gironde,523.05,2015,809926.57,1548478,1,542.43,816637.39
75,Nouvelle-Aquitaine,33,Gironde,546.89,2017,865942.78,1583384,1,523.05,809926.57
75,Nouvelle-Aquitaine,33,Gironde,548.58,2019,890759.35,1623749,1,546.89,865942.78
75,Nouvelle-Aquitaine,33,Gironde,551.46,2021,912650.35,1654970,1,548.58,890759.35
75,Nouvelle-Aquitaine,33,Gironde,519.44,2023,878108.4,1690493,1,551.46,912650.35
76,Occitanie,34,Hérault,638.12,2009,658522.51,1031974,1,,
76,Occitanie,34,Hérault,620.51,2011,659008.61,1062036,1,638.12,658522.51
76,Occitanie,34,Hérault,608.92,2013,665140.58,1092331,1,620.51,659008.61
76,Occitanie,34,Hérault,593.71,2015,665070.01,1120190,1,608.92,665140.58
76,Occitanie,34,Hérault,592.14,2017,677936.62,1144892,1,593.71,665070.01
76,Occitanie,34,Hérault,583.56,2019,686048.52,1175623,1,592.14,677936.62
76,Occitanie,34,Hérault,590.09,2021,709213.91,1201883,1,583.56,686048.52
76,Occitanie,34,Hérault,552.68,2023,679955.81,1230289,1,590.09,709213.91
53,Bretagne,35,Ille-et-Vilaine,496.46,2009,485261.41,977449,1,,
53,Bretagne,35,Ille-et-Vilaine,478.33,2011,476630.17,996439,1,496.46,485261.41
53,Bretagne,35,Ille-et-Vilaine,464.57,2013,473823.04,1019923,1,478.33,476630.17
53,Bretagne,35,Ille-et-Vilaine,469.93,2015,490086.87,1042884,1,464.57,473823.04
53,Bretagne,35,Ille-et-Vilaine,472.36,2017,500792.25,1060199,1,469.93,490086.87
53,Bretagne,35,Ille-et-Vilaine,471.1,2019,508554.06,1079498,1,472.36,500792.25
53,Bretagne,35,Ille-et-Vilaine,485.06,2021,532754.94,1098325,1,471.1,508554.06
53,Bretagne,35,Ille-et-Vilaine,456.53,2023,511622.38,1120666,1,485.06,532754.94
24,Centre-Val de Loire,36,Indre,515.89,2009,119825.54,232268,0,,
24,Centre-Val de Loire,36,Indre,514.55,2011,118436.44,230175,0,515.89,119825.54
24,Centre-Val de Loire,36,Indre,513.42,2013,117107.27,228091,0,514.55,118436.44
24,Centre-Val de Loire,36,Indre,490.56,2015,109983.06,224200,0,513.42,117107.27
24,Centre-Val de Loire,36,Indre,504.39,2017,112091.53,222232,0,490.56,109983.06
24,Centre-Val de Loire,36,Indre,471.34,2019,103373.29,219316,0,504.39,112091.53
24,Centre-Val de Loire,36,Indre,527.62,2021,114614.29,217228,0,471.34,103373.29
24,Centre-Val de Loire,36,Indre,509.95,2023,110184.79,216069,0,527.62,114614.29
24,Centre-Val de Loire,37,Indre-et-Loire,492.31,2009,289687.12,588420,0,,
24,Centre-Val de Loire,37,Indre-et-Loire,490.55,2011,291229.55,593683,0,492.31,289687.12
24,Centre-Val de Loire,37,Indre-et-Loire,473.18,2013,284027.36,600252,0,490.55,291229.55
24,Centre-Val de Loire,37,Indre-et-Loire,496.69,2015,300478.41,604966,0,473.18,284027.36
24,Centre-Val de Loire,37,Indre-et-Loire,507.88,2017,308035.36,606511,0,496.69,300478.41
24,Centre-Val de Loire,37,Indre-et-Loire,489.98,2019,298923.74,610079,0,507.88,308035.36
24,Centre-Val de Loire,37,Indre-et-Loire,521.51,2021,319248.65,612160,0,489.98,298923.74
24,Centre-Val de Loire,37,Indre-et-Loire,516.47,2023,319882.89,619362,0,521.51,319248.65
84,Auvergne-Rhône-Alpes,38,Isère,541.98,2009,648769.97,1197038,1,,
84,Auvergne-Rhône-Alpes,38,Isère,526.54,2011,639851.69,1215212,1,541.98,648769.97
84,Auvergne-Rhône-Alpes,38,Isère,512.43,2013,633044.72,1235387,1,526.54,639851.69
84,Auvergne-Rhône-Alpes,38,Isère,513.1,2015,641923.68,1251060,1,512.43,633044.72
84,Auvergne-Rhône-Alpes,38,Isère,508.43,2017,639969.95,1258722,1,513.1,641923.68
84,Auvergne-Rhône-Alpes,38,Isère,499.04,2019,634367.68,1271166,1,508.43,639969.95
84,Auvergne-Rhône-Alpes,38,Isère,516.27,2021,663378.44,1284948,1,499.04,634367.68
84,Auvergne-Rhône-Alpes,38,Isère,450.31,2023,584942.17,1298990,1,516.27,663378.44
27,Bourgogne-Franche-Comté,39,Jura,494.55,2009,129214.41,261277,1,,
27,Bourgogne-Franche-Comté,39,Jura,491.49,2011,128422.56,261294,1,494.55,129214.41
27,Bourgogne-Franche-Comté,39,Jura,483.91,2013,126059.83,260502,1,491.49,128422.56
27,Bourgogne-Franche-Comté,39,Jura,476.05,2015,124053.29,260587,1,483.91,126059.83
27,Bourgogne-Franche-Comté,39,Jura,491.44,2017,127866.32,260188,1,476.05,124053.29
27,Bourgogne-Franche-Comté,39,Jura,476.65,2019,123548.14,259199,1,491.44,127866.32
27,Bourgogne-Franche-Comté,39,Jura,519.63,2021,134353.38,258555,1,476.65,123548.14
27,Bourgogne-Franche-Comté,39,Jura,480.74,2023,124017.86,257973,1,519.63,134353.38
75,Nouvelle-Aquitaine,40,Landes,817.98,2009,310292.04,379341,3,,
75,Nouvelle-Aquitaine,40,Landes,885.16,2011,343379.7,387929,3,817.98,310292.04
75,Nouvelle-Aquitaine,40,Landes,754.99,2013,299903.4,397226,3,885.16,343379.7
75,Nouvelle-Aquitaine,40,Landes,795.07,2015,320600.37,403234,3,754.99,299903.4
75,Nouvelle-Aquitaine,40,Landes,833.97,2017,339794.68,407444,3,795.07,320600.37
75,Nouvelle-Aquitaine,40,Landes,886.61,2019,366783.28,413690,3,833.97,339794.68
75,Nouvelle-Aquitaine,40,Landes,891.64,2021,377140.41,422976,3,886.61,366783.28
75,Nouvelle-Aquitaine,40,Landes,811.64,2023,351904.86,433570,3,891.64,377140.41
24,Centre-Val de Loire,41,Loir-et-Cher,528.6,2009,173309.63,327868,1,,
24,Centre-Val de Loire,41,Loir-et-Cher,517.92,2011,171577.18,331280,1,528.6,173309.63
24,Centre-Val de Loire,41,Loir-et-Cher,521.76,2013,173223.88,332001,1,517.92,171577.18
24,Centre-Val de Loire,41,Loir-et-Cher,513.04,2015,170867.27,333050,1,521.76,173223.88
24,Centre-Val de Loire,41,Loir-et-Cher,530.95,2017,176230.47,331915,1,513.04,170867.27
24,Centre-Val de Loire,41,Loir-et-Cher,560.3,2019,184601.23,329470,1,530.95,176230.47
24,Centre-Val de Loire,41,Loir-et-Cher,576.06,2021,189237.07,328504,1,560.3,184601.23
24,Centre-Val de Loire,41,Loir-et-Cher,533.21,2023,175182.15,328543,1,576.06,189237.07
84,Auvergne-Rhône-Alpes,42,Loire,484.99,2009,361859.78,746115,0,,
84,Auvergne-Rhône-Alpes,42,Loire,475.71,2011,356333.88,749053,0,484.99,361859.78
84,Auvergne-Rhône-Alpes,42,Loire,463.02,2013,350372.96,756715,0,475.71,356333.88
84,Auvergne-Rhône-Alpes,42,Loire,483.37,2015,367074.87,759411,0,463.02,350372.96
84,Auvergne-Rhône-Alpes,42,Loire,479.46,2017,365797.89,762941,0,483.37,367074.87
84,Auvergne-Rhône-Alpes,42,Loire,492.35,2019,376960.47,765634,0,479.46,365797.89
84,Auvergne-Rhône-Alpes,42,Loire,509.8,2021,392050.1,769029,0,492.35,376960.47
84,Auvergne-Rhône-Alpes,42,Loire,461.36,2023,357157.21,774133,0,509.8,392050.1
84,Auvergne-Rhône-Alpes,43,Haute-Loire,420.54,2009,93832.68,223122,0,,
84,Auvergne-Rhône-Alpes,43,Haute-Loire,449.35,2011,101062.02,224907,0,420.54,93832.68
84,Auvergne-Rhône-Alpes,43,Haute-Loire,457.12,2013,103401.38,226203,0,449.35,101062.02
84,Auvergne-Rhône-Alpes,43,Haute-Loire,464.0,2015,105343.95,227034,0,457.12,103401.38
84,Auvergne-Rhône-Alpes,43,Haute-Loire,469.54,2017,106719.34,227283,0,464.0,105343.95
84,Auvergne-Rhône-Alpes,43,Haute-Loire,483.41,2019,110010.66,227570,0,469.54,106719.34
84,Auvergne-Rhône-Alpes,43,Haute-Loire,513.02,2021,116600.86,227284,0,483.41,110010.66
84,Auvergne-Rhône-Alpes,43,Haute-Loire,495.81,2023,113369.89,228654,0,513.02,116600.86
52,Pays de la Loire,44,Loire-Atlantique,526.02,2009,666123.64,1266358,1,,
52,Pays de la Loire,44,Loire-Atlantique,518.28,2011,671882.09,1296364,1,526.02,666123.64
52,Pays de la Loire,44,Loire-Atlantique,504.09,2013,669747.46,1328620,1,518.28,671882.09
52,Pays de la Loire,44,Loire-Atlantique,504.71,2015,689530.93,1366203,1,504.09,669747.46
52,Pays de la Loire,44,Loire-Atlantique,497.09,2017,693338.94,1394783,1,504.71,689530.93
52,Pays de la Loire,44,Loire-Atlantique,501.4,2019,716772.63,1429548,1,497.09,693338.94
52,Pays de la Loire,44,Loire-Atlantique,521.33,2021,759991.81,1457806,1,501.4,716772.63
52,Pays de la Loire,44,Loire-Atlantique,496.23,2023,738179.01,1487570,1,521.33,759991.81
24,Centre-Val de Loire,45,Loiret,517.13,2009,337948.11,653510,1,,
24,Centre-Val de Loire,45,Loiret,504.3,2011,332630.04,659587,1,517.13,337948.11
24,Centre-Val de Loire,45,Loiret,499.99,2013,332784.38,665587,1,504.3,332630.04
24,Centre-Val de Loire,45,Loiret,489.0,2015,329267.82,673349,1,499.99,332784.38
24,Centre-Val de Loire,45,Loiret,500.91,2017,339668.25,678105,1,489.0,329267.82
24,Centre-Val de Loire,45,Loiret,533.27,2019,362855.11,680434,1,500.91,339668.25
24,Centre-Val de Loire,45,Loiret,543.45,2021,372024.9,684561,1,533.27,362855.11
24,Centre-Val de Loire,45,Loiret,479.06,2023,331159.99,691268,1,543.45,372024.9
76,Occitanie,46,Lot,528.72,2009,91765.25,173562,0,,
76,Occitanie,46,Lot,518.23,2011,90562.22,174754,0,528.72,91765.25
76,Occitanie,46,Lot,552.2,2013,95949.16,173758,0,518.23,90562.22
76,Occitanie,46,Lot,564.92,2015,97957.44,173400,0,552.2,95949.16
76,Occitanie,46,Lot,583.09,2017,101356.9,173828,0,564.92,97957.44
76,Occitanie,46,Lot,590.31,2019,102769.13,174094,0,583.09,101356.9
76,Occitanie,46,Lot,613.93,2021,107401.45,174942,0,590.31,102769.13
76,Occitanie,46,Lot,564.75,2023,99662.52,176473,0,613.93,107401.45
75,Nouvelle-Aquitaine,47,Lot-et-Garonne,530.75,2009,174986.23,329697,0,,
75,Nouvelle-Aquitaine,47,Lot-et-Garonne,520.86,2011,172335.11,330866,0,530.75,174986.23
75,Nouvelle-Aquitaine,47,Lot-et-Garonne,525.37,2013,175042.71,333180,0,520.86,172335.11
75,Nouvelle-Aquitaine,47,Lot-et-Garonne,532.18,2015,177437.19,333417,0,525.37,175042.71
75,Nouvelle-Aquitaine,47,Lot-et-Garonne,554.02,2017,184400.66,332842,0,532.18,177437.19
75,Nouvelle-Aquitaine,47,Lot-et-Garonne,579.52,2019,191979.64,331271,0,554.02,184400.66
75,Nouvelle-Aquitaine,47,Lot-et-Garonne,600.6,2021,198935.04,331229,0,579.52,191979.64
75,Nouvelle-Aquitaine,47,Lot-et-Garonne,548.63,2023,183024.83,333602,0,600.6,198935.04
76,Occitanie,48,Lozère,516.14,2009,39826.6,77163,2,,
76,Occitanie,48,Lozère,508.55,2011,39237.58,77156,2,516.14,39826.6
76,Occitanie,48,Lozère,493.23,2013,37785.06,76607,2,508.55,39237.58
76,Occitanie,48,Lozère,523.35,2015,39936.19,76309,2,493.23,37785.06
76,Occitanie,48,Lozère,510.29,2017,39088.44,76601,2,523.35,39936.19
76,Occitanie,48,Lozère,523.54,2019,40105.59,76604,2,510.29,39088.44
76,Occitanie,48,Lozère,580.24,2021,44399.09,76519,2,523.54,40105.59
76,Occitanie,48,Lozère,536.45,2023,41030.62,76486,2,580.24,44399.09
52,Pays de la Loire,49,Maine-et-Loire,459.94,2009,358788.63,780082,1,,
52,Pays de la Loire,49,Maine-et-Loire,435.56,2011,344241.36,790343,1,459.94,358788.63
52,Pays de la Loire,49,Maine-et-Loire,445.4,2013,356404.88,800191,1,435.56,344241.36
52,Pays de la Loire,49,Maine-et-Loire,444.1,2015,359368.27,809210,1,445.4,356404.88
52,Pays de la Loire,49,Maine-et-Loire,462.24,2017,376085.17,813619,1,444.1,359368.27
52,Pays de la Loire,49,Maine-et-Loire,416.93,2019,341045.02,817997,1,462.24,376085.17
52,Pays de la Loire,49,Maine-et-Loire,453.66,2021,374156.25,824743,1,416.93,341045.02
52,Pays de la Loire,49,Maine-et-Loire,416.84,2023,347549.62,833776,1,453.66,374156.25
28,Normandie,50,Manche,630.39,2009,313784.12,497762,0,,
28,Normandie,50,Manche,642.34,2011,320866.66,499531,0,630.39,313784.12
28,Normandie,50,Manche,594.53,2013,297216.16,499919,0,642.34,320866.66
28,Normandie,50,Manche,642.34,2015,320712.2,499287,0,594.53,297216.16
28,Normandie,50,Manche,648.14,2017,321706.03,496351,0,642.34,320712.2
28,Normandie,50,Manche,636.11,2019,315158.76,495447,0,648.14,321706.03
28,Normandie,50,Manche,684.07,2021,338963.16,495508,0,636.11,315158.76
28,Normandie,50,Manche,618.88,2023,307905.21,497522,0,684.07,338963.16
44,Grand Est,51,Marne,505.13,2009,285975.49,566145,1,,
44,Grand Est,51,Marne,494.59,2011,280220.69,566571,1,505.13,285975.49
44,Grand Est,51,Marne,480.5,2013,273883.34,569999,1,494.59,280220.69
44,Grand Est,51,Marne,482.73,2015,276241.15,572245,1,480.5,273883.34
44,Grand Est,51,Marne,489.03,2017,278185.56,568854,1,482.73,276241.15
44,Grand Est,51,Marne,490.03,2019,277774.07,566855,1,489.03,278185.56
44,Grand Est,51,Marne,494.17,2021,279349.0,565292,1,490.03,277774.07
44,Grand Est,51,Marne,466.89,2023,262894.54,563076,1,494.17,279349.0
44,Grand Est,52,Haute-Marne,494.08,2009,91511.09,185214,1,,
44,Grand Est,52,Haute-Marne,459.09,2011,83726.62,182375,1,494.08,91511.09
44,Grand Est,52,Haute-Marne,483.16,2013,87704.52,181521,1,459.09,83726.62
44,Grand Est,52,Haute-Marne,483.94,2015,86698.9,179154,1,483.16,87704.52
44,Grand Est,52,Haute-Marne,490.31,2017,86118.86,175640,1,483.94,86698.9
44,Grand Est,52,Haute-Marne,494.33,2019,85278.2,172512,1,490.31,86118.86
44,Grand Est,52,Haute-Marne,518.01,2021,88601.03,171042,1,494.33,85278.2
44,Grand Est,52,Haute-Marne,474.09,2023,79803.64,168331,1,518.01,88601.03
52,Pays de la Loire,53,Mayenne,498.07,2009,151984.23,305147,1,,
52,Pays de la Loire,53,Mayenne,482.56,2011,148162.19,307031,1,498.07,151984.23
52,Pays de la Loire,53,Mayenne,471.78,2013,145073.35,307500,1,482.56,148162.19
52,Pays de la Loire,53,Mayenne,496.23,2015,152810.45,307940,1,471.78,145073.35
52,Pays de la Loire,53,Mayenne,520.89,2017,160145.48,307445,1,496.23,152810.45
52,Pays de la Loire,53,Mayenne,588.94,2019,180840.31,307062,1,520.89,160145.48
52,Pays de la Loire,53,Mayenne,566.01,2021,173160.07,305933,1,588.94,180840.31
52,Pays de la Loire,53,Mayenne,537.65,2023,164233.85,305468,1,566.01,173160.07
44,Grand Est,54,Meurthe-et-Moselle,504.08,2009,368492.16,731019,1,,
44,Grand Est,54,Meurthe-et-Moselle,500.59,2011,366991.3,733124,1,504.08,368492.16
44,Grand Est,54,Meurthe-et-Moselle,477.39,2013,348973.42,731004,1,500.59,366991.3
44,Grand Est,54,Meurthe-et-Moselle,434.48,2015,319082.47,734403,1,477.39,348973.42
44,Grand Est,54,Meurthe-et-Moselle,471.67,2017,345963.53,733481,1,434.48,319082.47
44,Grand Est,54,Meurthe-et-Moselle,474.33,2019,348046.84,733760,1,471.67,345963.53
44,Grand Est,54,Meurthe-et-Moselle,502.0,2021,367711.1,732486,1,474.33,348046.84
44,Grand Est,54,Meurthe-et-Moselle,414.62,2023,303596.88,732236,1,502.0,367711.1
44,Grand Est,55,Meuse,457.37,2009,88731.98,194003,0,,
44,Grand Est,55,Meuse,460.16,2011,89066.82,193557,0,457.37,88731.98
44,Grand Est,55,Meuse,455.05,2013,87412.37,192094,0,460.16,89066.82
44,Grand Est,55,Meuse,451.21,2015,86012.0,190626,0,455.05,87412.37
44,Grand Est,55,Meuse,480.82,2017,90002.83,187187,0,451.21,86012.0
44,Grand Est,55,Meuse,461.78,2019,85006.65,184083,0,480.82,90002.83
44,Grand Est,55,Meuse,469.46,2021,85403.76,181919,0,461.78,85006.65
44,Grand Est,55,Meuse,445.02,2023,80232.58,180290,0,469.46,85403.76
53,Bretagne,56,Morbihan,586.45,2009,420007.89,716182,3,,
53,Bretagne,56,Morbihan,574.94,2011,418027.48,727083,3,586.45,420007.89
53,Bretagne,56,Morbihan,566.86,2013,418214.7,737778,3,574.94,418027.48
53,Bretagne,56,Morbihan,573.21,2015,426935.0,744813,3,566.86,418214.7
53,Bretagne,56,Morbihan,583.65,2017,438244.36,750863,3,573.21,426935.0
53,Bretagne,56,Morbihan,608.62,2019,462358.1,759684,3,583.65,438244.36
53,Bretagne,56,Morbihan,617.39,2021,474577.43,768687,3,608.62,462358.1
53,Bretagne,56,Morbihan,573.46,2023,449243.4,783390,3,617.39,474577.43
44,Grand Est,57,Moselle,530.69,2009,554517.21,1044898,0,,
44,Grand Est,57,Moselle,525.94,2011,549680.63,1045146,0,530.69,554517.21
44,Grand Est,57,Moselle,513.4,2013,537464.75,1046873,0,525.94,549680.63
44,Grand Est,57,Moselle,513.59,2015,536437.01,1044486,0,513.4,537464.75
44,Grand Est,57,Moselle,504.37,2017,526319.5,1043522,0,513.59,536437.01
44,Grand Est,57,Moselle,506.41,2019,529975.9,1046543,0,504.37,526319.5
44,Grand Est,57,Moselle,530.04,2021,556506.1,1049942,0,506.41,529975.9
44,Grand Est,57,Moselle,495.75,2023,521190.5,1051309,0,530.04,556506.1
27,Bourgogne-Franche-Comté,58,Nièvre,526.79,2009,115999.56,220199,1,,
27,Bourgogne-Franche-Comté,58,Nièvre,520.32,2011,113607.33,218341,1,526.79,115999.56
27,Bourgogne-Franche-Comté,58,Nièvre,492.56,2013,106008.94,215221,1,520.32,113607.33
27,Bourgogne-Franche-Comté,58,Nièvre,489.14,2015,103574.88,211747,1,492.56,106008.94
27,Bourgogne-Franche-Comté,58,Nièvre,509.1,2017,105476.76,207182,1,489.14,103574.88
27,Bourgogne-Franche-Comté,58,Nièvre,507.01,2019,103660.22,204452,1,509.1,105476.76
27,Bourgogne-Franche-Comté,58,Nièvre,541.73,2021,109655.16,202417,1,507.01,103660.22
27,Bourgogne-Franche-Comté,58,Nièvre,507.39,2023,102196.58,201417,1,541.73,109655.16
32,Hauts-de-France,59,Nord,565.35,2009,1454047.96,2571940,1,,
32,Hauts-de-France,59,Nord,538.02,2011,1387667.6,2579208,1,565.35,1454047.96
32,Hauts-de-France,59,Nord,526.07,2013,1365437.95,2595536,1,538.02,1387667.6
32,Hauts-de-France,59,Nord,525.31,2015,1368546.32,2605238,1,526.07,1365437.95
32,Hauts-de-France,59,Nord,512.86,2017,1335678.98,2604361,1,525.31,1368546.32
32,Hauts-de-France,59,Nord,510.06,2019,1330412.35,2608346,1,512.86,1335678.98
32,Hauts-de-France,59,Nord,574.05,2021,1499023.91,2611293,1,510.06,1330412.35
32,Hauts-de-France,59,Nord,524.89,2023,1372915.26,2615635,1,574.05,1499023.91
32,Hauts-de-France,60,Oise,572.4,2009,458786.05,801512,1,,
32,Hauts-de-France,60,Oise,603.54,2011,486233.36,805642,1,572.4,458786.05
32,Hauts-de-France,60,Oise,554.11,2013,451819.59,815400,1,603.54,486233.36
32,Hauts-de-France,60,Oise,549.5,2015,451441.64,821552,1,554.11,451819.59
32,Hauts-de-France,60,Oise,568.69,2017,468888.09,824503,1,549.5,451441.64
32,Hauts-de-France,60,Oise,559.36,2019,463945.82,829419,1,568.69,468888.09
32,Hauts-de-France,60,Oise,607.04,2021,503139.17,828838,1,559.36,463945.82
32,Hauts-de-France,60,Oise,492.17,2023,408450.25,829899,1,607.04,503139.17
28,Normandie,61,Orne,540.35,2009,157895.32,292210,0,,
28,Normandie,61,Orne,536.24,2011,155986.44,290891,0,540.35,157895.32
28,Normandie,61,Orne,561.68,2013,162240.22,288848,0,536.24,155986.44
28,Normandie,61,Orne,551.63,2015,158105.71,286618,0,561.68,162240.22
28,Normandie,61,Orne,563.44,2017,159661.71,283372,0,551.63,158105.71
28,Normandie,61,Orne,555.07,2019,155388.34,279942,0,563.44,159661.71
28,Normandie,61,Orne,592.56,2021,164122.64,276973,0,555.07,155388.34
28,Normandie,61,Orne,570.01,2023,156868.12,275201,0,592.56,164122.64
32,Hauts-de-France,62,Pas-de-Calais,619.9,2009,905832.29,1461257,1,,
32,Hauts-de-France,62,Pas-de-Calais,634.2,2011,927708.45,1462807,1,619.9,905832.29
32,Hauts-de-France,62,Pas-de-Calais,603.16,2013,883750.91,1465205,1,634.2,927708.45
32,Hauts-de-France,62,Pas-de-Calais,592.08,2015,871921.6,1472648,1,603.16,883750.91
32,Hauts-de-France,62,Pas-de-Calais,650.88,2017,955505.05,1468018,1,592.08,871921.6
32,Hauts-de-France,62,Pas-de-Calais,552.71,2019,809873.96,1465278,1,650.88,955505.05
32,Hauts-de-France,62,Pas-de-Calais,652.22,2021,953183.83,1461441,1,552.71,809873.96
32,Hauts-de-France,62,Pas-de-Calais,597.58,2023,871208.88,1457905,1,652.22,953183.83
84,Auvergne-Rhône-Alpes,63,Puy-de-Dôme,535.74,2009,337201.11,629416,0,,
84,Auvergne-Rhône-Alpes,63,Puy-de-Dôme,520.64,2011,330850.52,635469,0,535.74,337201.11
84,Auvergne-Rhône-Alpes,63,Puy-de-Dôme,483.43,2013,309880.55,640999,0,520.64,330850.52
84,Auvergne-Rhône-Alpes,63,Puy-de-Dôme,472.12,2015,305699.42,647501,0,483.43,309880.55
84,Auvergne-Rhône-Alpes,63,Puy-de-Dôme,470.47,2017,307564.4,653742,0,472.12,305699.42
84,Auvergne-Rhône-Alpes,63,Puy-de-Dôme,457.73,2019,303085.76,662152,0,470.47,307564.4
84,Auvergne-Rhône-Alpes,63,Puy-de-Dôme,475.31,2021,314793.88,662285,0,457.73,303085.76
84,Auvergne-Rhône-Alpes,63,Puy-de-Dôme,446.14,2023,296437.8,664453,0,475.31,314793.88
75,Nouvelle-Aquitaine,64,Pyrénées-Atlantiques,544.03,2009,353811.22,650356,1,,
75,Nouvelle-Aquitaine,64,Pyrénées-Atlantiques,545.93,2011,358459.97,656608,1,544.03,353811.22
75,Nouvelle-Aquitaine,64,Pyrénées-Atlantiques,536.23,2013,356086.96,664057,1,545.93,358459.97
75,Nouvelle-Aquitaine,64,Pyrénées-Atlantiques,543.66,2015,364272.7,670032,1,536.23,356086.96
75,Nouvelle-Aquitaine,64,Pyrénées-Atlantiques,544.4,2017,368730.28,677309,1,543.66,364272.7
75,Nouvelle-Aquitaine,64,Pyrénées-Atlantiques,548.66,2019,374526.57,682621,1,544.4,368730.28
75,Nouvelle-Aquitaine,64,Pyrénées-Atlantiques,562.27,2021,389667.93,693027,1,548.66,374526.57
75,Nouvelle-Aquitaine,64,Pyrénées-Atlantiques,524.4,2023,370522.97,706564,1,562.27,389667.93
76,Occitanie,65,Hautes-Pyrénées,606.94,2009,139396.32,229670,0,,
76,Occitanie,65,Hautes-Pyrénées,580.08,2011,132971.3,229228,0,606.94,139396.32
76,Occitanie,65,Hautes-Pyrénées,527.5,2013,120727.15,228868,0,580.08,132971.3
76,Occitanie,65,Hautes-Pyrénées,571.47,2015,130628.18,228582,0,527.5,120727.15
76,Occitanie,65,Hautes-Pyrénées,544.3,2017,124389.73,228530,0,571.47,130628.18
76,Occitanie,65,Hautes-Pyrénées,564.11,2019,129507.28,229579,0,544.3,124389.73
76,Occitanie,65,Hautes-Pyrénées,556.75,2021,128585.73,230956,0,564.11,129507.28
76,Occitanie,65,Hautes-Pyrénées,540.55,2023,125055.44,231349,0,556.75,128585.73
76,Occitanie,66,Pyrénées-Orientales,617.83,2009,275486.09,445890,1,,
76,Occitanie,66,Pyrénées-Orientales,659.86,2011,298606.24,452530,1,617.83,275486.09
76,Occitanie,66,Pyrénées-Orientales,644.22,2013,298081.9,462705,1,659.86,298606.24
76,Occitanie,66,Pyrénées-Orientales,630.04,2015,296772.89,471038,1,644.22,298081.9
76,Occitanie,66,Pyrénées-Orientales,681.65,2017,323411.54,474452,1,630.04,296772.89
76,Occitanie,66,Pyrénées-Orientales,640.23,2019,307296.03,479979,1,681.65,323411.54
76,Occitanie,66,Pyrénées-Orientales,672.08,2021,327508.16,487307,1,640.23,307296.03
76,Occitanie,66,Pyrénées-Orientales,626.11,2023,311086.47,496855,1,672.08,327508.16
44,Grand Est,67,Bas-Rhin,478.88,2009,524101.87,1094439,1,,
44,Grand Est,67,Bas-Rhin,484.42,2011,532507.13,1099269,1,478.88,524101.87
44,Grand Est,67,Bas-Rhin,455.33,2013,505165.16,1109460,1,484.42,532507.13
44,Grand Est,67,Bas-Rhin,449.8,2015,502277.17,1116658,1,455.33,505165.16
44,Grand Est,67,Bas-Rhin,440.34,2017,495630.83,1125559,1,449.8,502277.17
44,Grand Est,67,Bas-Rhin,444.18,2019,506384.92,1140057,1,440.34,495630.83
44,Grand Est,67,Bas-Rhin,452.9,2021,522045.69,1152662,1,444.18,506384.92
44,Grand Est,67,Bas-Rhin,406.33,2023,472896.42,1163810,1,452.9,522045.69
44,Grand Est,68,Haut-Rhin,504.38,2009,377584.12,748614,1,,
44,Grand Est,68,Haut-Rhin,530.8,2011,399719.34,753056,1,504.38,377584.12
44,Grand Est,68,Haut-Rhin,513.88,2013,389892.2,758723,1,530.8,399719.34
44,Grand Est,68,Haut-Rhin,482.01,2015,367586.05,762607,1,513.88,389892.2
44,Grand Est,68,Haut-Rhin,510.02,2017,389672.74,764030,1,482.01,367586.05
44,Grand Est,68,Haut-Rhin,527.73,2019,404812.46,767086,1,510.02,389672.74
44,Grand Est,68,Haut-Rhin,490.93,2021,376584.44,767083,1,527.73,404812.46
44,Grand Est,68,Haut-Rhin,465.09,2023,358464.96,770738,1,490.93,376584.44
84,Auvergne-Rhône-Alpes,69,Rhône,407.89,2009,696947.6,1708671,1,,
84,Auvergne-Rhône-Alpes,69,Rhône,408.41,2011,712370.54,1744236,1,407.89,696947.6
84,Auvergne-Rhône-Alpes,69,Rhône,388.73,2013,691879.95,1779845,1,408.41,712370.54
84,Auvergne-Rhône-Alpes,69,Rhône,385.11,2015,701667.79,1821995,1,388.73,691879.95
84,Auvergne-Rhône-Alpes,69,Rhône,385.6,2017,710791.33,1843319,1,385.11,701667.79
84,Auvergne-Rhône-Alpes,69,Rhône,386.21,2019,724427.39,1875747,1,385.6,710791.33
84,Auvergne-Rhône-Alpes,69,Rhône,410.45,2021,777266.76,1893692,1,386.21,724427.39
84,Auvergne-Rhône-Alpes,69,Rhône,370.45,2023,709282.32,1914667,1,410.45,777266.76
27,Bourgogne-Franche-Comté,70,Haute-Saône,544.82,2009,130316.62,239194,1,,
27,Bourgogne-Franche-Comté,70,Haute-Saône,496.74,2011,119066.43,239695,1,544.82,130316.62
27,Bourgogne-Franche-Comté,70,Haute-Saône,458.7,2013,109609.51,238956,1,496.74,119066.43
27,Bourgogne-Franche-Comté,70,Haute-Saône,517.33,2015,122972.79,237706,1,458.7,109609.51
27,Bourgogne-Franche-Comté,70,Haute-Saône,494.82,2017,117102.8,236659,1,517.33,122972.79
27,Bourgogne-Franche-Comté,70,Haute-Saône,495.85,2019,116680.95,235313,1,494.82,117102.8
27,Bourgogne-Franche-Comté,70,Haute-Saône,541.95,2021,126977.54,234296,1,495.85,116680.95
27,Bourgogne-Franche-Comté,70,Haute-Saône,537.67,2023,125376.35,233185,1,541.95,126977.54
27,Bourgogne-Franche-Comté,71,Saône-et-Loire,539.29,2009,299152.22,554720,0,,
27,Bourgogne-Franche-Comté,71,Saône-et-Loire,533.9,2011,296846.51,555999,0,539.29,299152.22
27,Bourgogne-Franche-Comté,71,Saône-et-Loire,510.49,2013,283947.71,556222,0,533.9,296846.51
27,Bourgogne-Franche-Comté,71,Saône-et-Loire,499.81,2015,277597.54,555408,0,510.49,283947.71
27,Bourgogne-Franche-Comté,71,Saône-et-Loire,509.36,2017,281980.23,553595,0,499.81,277597.54
27,Bourgogne-Franche-Comté,71,Saône-et-Loire,495.75,2019,273402.26,551493,0,509.36,281980.23
27,Bourgogne-Franche-Comté,71,Saône-et-Loire,540.59,2021,296941.92,549288,0,495.75,273402.26
27,Bourgogne-Franche-Comté,71,Saône-et-Loire,501.88,2023,276191.13,550310,0,540.59,296941.92
52,Pays de la Loire,72,Sarthe,479.25,2009,268885.86,561050,1,,
52,Pays de la Loire,72,Sarthe,474.82,2011,268616.35,565718,1,479.25,268885.86
52,Pays de la Loire,72,Sarthe,457.42,2013,260285.4,569035,1,474.82,268616.35
52,Pays de la Loire,72,Sarthe,444.56,2015,252706.49,568445,1,457.42,260285.4
52,Pays de la Loire,72,Sarthe,474.35,2017,268720.16,566506,1,444.56,252706.49
52,Pays de la Loire,72,Sarthe,478.13,2019,270819.83,566412,1,474.35,268720.16
52,Pays de la Loire,72,Sarthe,512.39,2021,290041.8,566058,1,478.13,270819.83
52,Pays de la Loire,72,Sarthe,481.35,2023,272797.53,566733,1,512.39,290041.8
84,Auvergne-Rhône-Alpes,73,Savoie,655.87,2009,269565.74,411007,3,,
84,Auvergne-Rhône-Alpes,73,Savoie,646.04,2011,270658.41,418949,3,655.87,269565.74
84,Auvergne-Rhône-Alpes,73,Savoie,640.37,2013,271334.36,423715,3,646.04,270658.41
84,Auvergne-Rhône-Alpes,73,Savoie,637.29,2015,272889.06,428204,3,640.37,271334.36
84,Auvergne-Rhône-Alpes,73,Savoie,620.23,2017,267426.89,431174,3,637.29,272889.06
84,Auvergne-Rhône-Alpes,73,Savoie,632.39,2019,275998.07,436434,3,620.23,267426.89
84,Auvergne-Rhône-Alpes,73,Savoie,580.07,2021,256660.43,442468,3,632.39,275998.07
84,Auvergne-Rhône-Alpes,73,Savoie,592.64,2023,265635.11,448226,3,580.07,256660.43
84,Auvergne-Rhône-Alpes,74,Haute-Savoie,604.46,2009,438716.43,725794,1,,
84,Auvergne-Rhône-Alpes,74,Haute-Savoie,601.69,2011,449459.21,746994,1,604.46,438716.43
84,Auvergne-Rhône-Alpes,74,Haute-Savoie,599.47,2013,461401.6,769677,1,601.69,449459.21
84,Auvergne-Rhône-Alpes,74,Haute-Savoie,583.4,2015,463181.46,793938,1,599.47,461401.6
84,Auvergne-Rhône-Alpes,74,Haute-Savoie,582.39,2017,470196.69,807360,1,583.4,463181.46
84,Auvergne-Rhône-Alpes,74,Haute-Savoie,574.75,2019,474798.68,826094,1,582.39,470196.69
84,Auvergne-Rhône-Alpes,74,Haute-Savoie,576.18,2021,484848.15,841482,1,574.75,474798.68
84,Auvergne-Rhône-Alpes,74,Haute-Savoie,560.86,2023,482987.73,861158,1,576.18,484848.15
11,Ile-de-France,75,Paris,485.63,2009,1084949.29,2234105,1,,
11,Ile-de-France,75,Paris,484.09,2011,1089201.02,2249975,1,485.63,1084949.29
11,Ile-de-France,75,Paris,468.16,2013,1043826.07,2229621,1,484.09,1089201.02
11,Ile-de-France,75,Paris,464.97,2015,1025957.26,2206488,1,468.16,1043826.07
11,Ile-de-France,75,Paris,477.29,2017,1044088.45,2187526,1,464.97,1025957.26
11,Ile-de-France,75,Paris,473.33,2019,1024968.19,2165423,1,477.29,1044088.45
11,Ile-de-France,75,Paris,429.57,2021,916328.44,2133111,1,473.33,1024968.19
11,Ile-de-France,75,Paris,421.04,2023,885768.78,2103778,1,429.57,916328.44
28,Normandie,76,Seine-Maritime,598.96,2009,748768.95,1250120,1,,
28,Normandie,76,Seine-Maritime,583.31,2011,729890.24,1251282,1,598.96,748768.95
28,Normandie,76,Seine-Maritime,603.13,2013,756687.88,1254609,1,583.31,729890.24
28,Normandie,76,Seine-Maritime,572.92,2015,720559.28,1257699,1,603.13,756687.88
28,Normandie,76,Seine-Maritime,589.76,2017,739776.18,1254378,1,572.92,720559.28
28,Normandie,76,Seine-Maritime,587.76,2019,738012.17,1255633,1,589.76,739776.18
28,Normandie,76,Seine-Maritime,609.49,2021,765471.83,1255918,1,587.76,738012.17
28,Normandie,76,Seine-Maritime,577.46,2023,728159.26,1260964,1,609.49,765471.83
11,Ile-de-France,77,Seine-et-Marne,517.17,2009,679253.92,1313414,1,,
11,Ile-de-France,77,Seine-et-Marne,519.54,2011,695372.99,1338427,1,517.17,679253.92
11,Ile-de-France,77,Seine-et-Marne,497.79,2013,679579.02,1365200,1,519.54,695372.99
11,Ile-de-France,77,Seine-et-Marne,478.81,2015,665602.41,1390121,1,497.79,679579.02
11,Ile-de-France,77,Seine-et-Marne,483.58,2017,678951.53,1403997,1,478.81,665602.41
11,Ile-de-France,77,Seine-et-Marne,474.23,2019,673973.62,1421197,1,483.58,678951.53
11,Ile-de-France,77,Seine-et-Marne,513.27,2021,738140.68,1438100,1,474.23,673973.62
11,Ile-de-France,77,Seine-et-Marne,451.61,2023,663006.97,1468108,1,513.27,738140.68
11,Ile-de-France,78,Yvelines,447.98,2009,630558.13,1407560,1,,
11,Ile-de-France,78,Yvelines,454.94,2011,643114.3,1413635,1,447.98,630558.13
11,Ile-de-France,78,Yvelines,441.39,2013,626109.2,1418484,1,454.94,643114.3
11,Ile-de-France,78,Yvelines,445.69,2015,636127.28,1427291,1,441.39,626109.2
11,Ile-de-France,78,Yvelines,455.84,2017,655617.05,1438266,1,445.69,636127.28
11,Ile-de-France,78,Yvelines,456.21,2019,660689.98,1448207,1,455.84,655617.05
11,Ile-de-France,78,Yvelines,467.23,2021,680459.32,1456365,1,456.21,660689.98
11,Ile-de-France,78,Yvelines,401.17,2023,595768.27,1485086,1,467.23,680459.32
75,Nouvelle-Aquitaine,79,Deux-Sèvres,513.25,2009,188024.82,366339,0,,
75,Nouvelle-Aquitaine,79,Deux-Sèvres,505.92,2011,187666.32,370939,0,513.25,188024.82
75,Nouvelle-Aquitaine,79,Deux-Sèvres,507.74,2013,188693.6,371632,0,505.92,187666.32
75,Nouvelle-Aquitaine,79,Deux-Sèvres,510.67,2015,191213.43,374435,0,507.74,188693.6
75,Nouvelle-Aquitaine,79,Deux-Sèvres,501.3,2017,187661.52,374351,0,510.67,191213.43
75,Nouvelle-Aquitaine,79,Deux-Sèvres,498.99,2019,187059.47,374878,0,501.3,187661.52
75,Nouvelle-Aquitaine,79,Deux-Sèvres,539.27,2021,202002.69,374587,0,498.99,187059.47
75,Nouvelle-Aquitaine,79,Deux-Sèvres,495.02,2023,185745.49,375229,0,539.27,202002.69
32,Hauts-de-France,80,Somme,590.1,2009,336222.15,569775,0,,
32,Hauts-de-France,80,Somme,574.58,2011,328206.96,571211,0,590.1,336222.15
32,Hauts-de-France,80,Somme,549.77,2013,314289.27,571675,0,574.58,328206.96
32,Hauts-de-France,80,Somme,539.1,2015,308298.37,571879,0,549.77,314289.27
32,Hauts-de-France,80,Somme,579.13,2017,331520.13,572443,0,539.1,308298.37
32,Hauts-de-France,80,Somme,571.19,2019,325896.48,570559,0,579.13,331520.13
32,Hauts-de-France,80,Somme,630.29,2021,356904.13,566252,0,571.19,325896.48
32,Hauts-de-France,80,Somme,536.37,2023,303271.14,565413,0,630.29,356904.13
76,Occitanie,81,Tarn,481.69,2009,180161.08,374018,0,,
76,Occitanie,81,Tarn,474.28,2011,179124.34,377675,0,481.69,180161.08
76,Occitanie,81,Tarn,477.99,2013,182557.34,381927,0,474.28,179124.34
76,Occitanie,81,Tarn,503.57,2015,194649.69,386543,0,477.99,182557.34
76,Occitanie,81,Tarn,512.95,2017,198966.32,387890,0,503.57,194649.69
76,Occitanie,81,Tarn,539.59,2019,210375.71,389881,0,512.95,198966.32
76,Occitanie,81,Tarn,547.6,2021,215521.49,393572,0,539.59,210375.71
76,Occitanie,81,Tarn,484.81,2023,192640.42,397352,0,547.6,215521.49
76,Occitanie,82,Tarn-et-Garonne,480.11,2009,114886.59,239291,0,,
76,Occitanie,82,Tarn-et-Garonne,469.57,2011,114831.46,244545,0,480.11,114886.59
76,Occitanie,82,Tarn-et-Garonne,466.23,2013,116715.75,250342,0,469.57,114831.46
76,Occitanie,82,Tarn-et-Garonne,507.26,2015,129489.49,255274,0,466.23,116715.75
76,Occitanie,82,Tarn-et-Garonne,525.64,2017,135797.78,258349,0,507.26,129489.49
76,Occitanie,82,Tarn-et-Garonne,529.19,2019,137943.75,260669,0,525.64,135797.78
76,Occitanie,82,Tarn-et-Garonne,565.86,2021,149034.76,263377,0,529.19,137943.75
76,Occitanie,82,Tarn-et-Garonne,511.28,2023,135906.4,265817,0,565.86,149034.76
93,Provence-Alpes-Côte d'Azur,83,Var,719.74,2009,724996.53,1007303,1,,
93,Provence-Alpes-Côte d'Azur,83,Var,725.89,2011,735131.95,1012735,1,719.74,724996.53
93,Provence-Alpes-Côte d'Azur,83,Var,709.26,2013,729529.12,1028583,1,725.89,735131.95
93,Provence-Alpes-Côte d'Azur,83,Var,717.32,2015,752217.33,1048652,1,709.26,729529.12
93,Provence-Alpes-Côte d'Azur,83,Var,726.11,2017,768756.6,1058740,1,717.32,752217.33
93,Provence-Alpes-Côte d'Azur,83,Var,729.81,2019,785797.68,1076711,1,726.11,768756.6
93,Provence-Alpes-Côte d'Azur,83,Var,739.14,2021,809608.91,1095337,1,729.81,785797.68
93,Provence-Alpes-Côte d'Azur,83,Var,669.2,2023,749036.75,1119307,1,739.14,809608.91
93,Provence-Alpes-Côte d'Azur,84,Vaucluse,593.5,2009,320527.06,540065,1,,
93,Provence-Alpes-Côte d'Azur,84,Vaucluse,615.8,2011,336614.18,546630,1,593.5,320527.06
93,Provence-Alpes-Côte d'Azur,84,Vaucluse,571.74,2013,314425.99,549949,1,615.8,336614.18
93,Provence-Alpes-Côte d'Azur,84,Vaucluse,584.26,2015,325751.57,557548,1,571.74,314425.99
93,Provence-Alpes-Côte d'Azur,84,Vaucluse,589.57,2017,329850.92,559479,1,584.26,325751.57
93,Provence-Alpes-Côte d'Azur,84,Vaucluse,607.71,2019,341210.59,561469,1,589.57,329850.92
93,Provence-Alpes-Côte d'Azur,84,Vaucluse,623.16,2021,351814.66,564566,1,607.71,341210.59
93,Provence-Alpes-Côte d'Azur,84,Vaucluse,590.19,2023,337621.59,572056,1,623.16,351814.66
52,Pays de la Loire,85,Vendée,594.85,2009,372621.31,626411,0,,
52,Pays de la Loire,85,Vendée,586.86,2011,376562.03,641657,0,594.85,372621.31
52,Pays de la Loire,85,Vendée,580.14,2013,380287.99,655506,0,586.86,376562.03
52,Pays de la Loire,85,Vendée,577.19,2015,384817.51,666714,0,580.14,380287.99
52,Pays de la Loire,85,Vendée,586.56,2017,396075.71,675247,0,577.19,384817.51
52,Pays de la Loire,85,Vendée,570.09,2019,390765.71,685442,0,586.56,396075.71
52,Pays de la Loire,85,Vendée,584.08,2021,408540.97,699459,0,570.09,390765.71
52,Pays de la Loire,85,Vendée,553.48,2023,394970.34,713609,0,584.08,408540.97
75,Nouvelle-Aquitaine,86,Vienne,509.98,2009,217284.44,426066,0,,
75,Nouvelle-Aquitaine,86,Vienne,511.81,2011,219282.99,428447,0,509.98,217284.44
75,Nouvelle-Aquitaine,86,Vienne,507.94,2013,219047.52,431248,0,511.81,219282.99
75,Nouvelle-Aquitaine,86,Vienne,497.88,2015,216522.03,434887,0,507.94,219047.52
75,Nouvelle-Aquitaine,86,Vienne,502.84,2017,219680.82,436876,0,497.88,216522.03
75,Nouvelle-Aquitaine,86,Vienne,500.76,2019,219550.1,438435,0,502.84,219680.82
75,Nouvelle-Aquitaine,86,Vienne,508.17,2021,223283.74,439385,0,500.76,219550.1
75,Nouvelle-Aquitaine,86,Vienne,480.02,2023,210680.43,438897,0,508.17,223283.74
75,Nouvelle-Aquitaine,87,Haute-Vienne,480.64,2009,180167.98,374849,1,,
75,Nouvelle-Aquitaine,87,Haute-Vienne,483.92,2011,181981.28,376058,1,480.64,180167.98
75,Nouvelle-Aquitaine,87,Haute-Vienne,468.14,2013,175952.15,375856,1,483.92,181981.28
75,Nouvelle-Aquitaine,87,Haute-Vienne,470.29,2015,176733.84,375795,1,468.14,175952.15
75,Nouvelle-Aquitaine,87,Haute-Vienne,497.14,2017,186141.1,374426,1,470.29,176733.84
75,Nouvelle-Aquitaine,87,Haute-Vienne,489.65,2019,182325.32,372359,1,497.14,186141.1
75,Nouvelle-Aquitaine,87,Haute-Vienne,490.0,2021,182129.75,371691,1,489.65,182325.32
75,Nouvelle-Aquitaine,87,Haute-Vienne,444.34,2023,165812.82,373167,1,490.0,182129.75
44,Grand Est,88,Vosges,496.07,2009,188602.75,380192,1,,
44,Grand Est,88,Vosges,503.09,2011,190586.49,378830,1,496.07,188602.75
44,Grand Est,88,Vosges,510.17,2013,191428.41,375226,1,503.09,190586.49
44,Grand Est,88,Vosges,496.27,2015,184619.32,372016,1,510.17,191428.41
44,Grand Est,88,Vosges,506.97,2017,186398.52,367673,1,496.27,184619.32
44,Grand Est,88,Vosges,508.75,2019,185439.19,364499,1,506.97,186398.52
44,Grand Est,88,Vosges,552.56,2021,199294.87,360673,1,508.75,185439.19
44,Grand Est,88,Vosges,533.24,2023,190497.86,357248,1,552.56,199294.87
27,Bourgogne-Franche-Comté,89,Yonne,519.43,2009,178359.66,343377,0,,
27,Bourgogne-Franche-Comté,89,Yonne,528.8,2011,181093.6,342463,0,519.43,178359.66
27,Bourgogne-Franche-Comté,89,Yonne,515.69,2013,176097.87,341483,0,528.8,181093.6
27,Bourgogne-Franche-Comté,89,Yonne,510.37,2015,173987.02,340903,0,515.69,176097.87
27,Bourgogne-Franche-Comté,89,Yonne,520.0,2017,175910.95,338291,0,510.37,173987.02
27,Bourgogne-Franche-Comté,89,Yonne,517.56,2019,173747.25,335707,0,520.0,175910.95
27,Bourgogne-Franche-Comté,89,Yonne,582.02,2021,194036.14,333385,0,517.56,173747.25
27,Bourgogne-Franche-Comté,89,Yonne,531.58,2023,176627.62,332267,0,582.02,194036.14
27,Bourgogne-Franche-Comté,90,Territoire-de-Belfort,482.76,2009,68774.75,142461,1,,
27,Bourgogne-Franche-Comté,90,Territoire-de-Belfort,513.34,2011,73585.73,143348,1,482.76,68774.75
27,Bourgogne-Franche-Comté,90,Territoire-de-Belfort,499.97,2013,72154.84,144318,1,513.34,73585.73
27,Bourgogne-Franche-Comté,90,Territoire-de-Belfort,437.86,2015,63263.35,144483,1,499.97,72154.84
27,Bourgogne-Franche-Comté,90,Territoire-de-Belfort,524.45,2017,74797.71,142622,1,437.86,63263.35
27,Bourgogne-Franche-Comté,90,Territoire-de-Belfort,502.33,2019,70987.96,141318,1,524.45,74797.71
27,Bourgogne-Franche-Comté,90,Territoire-de-Belfort,603.27,2021,84248.96,139654,1,502.33,70987.96
27,Bourgogne-Franche-Comté,90,Territoire-de-Belfort,478.8,2023,67153.59,140255,1,603.27,84248.96
11,Ile-de-France,91,Essonne,488.71,2009,590367.22,1208004,1,,
11,Ile-de-France,91,Essonne,499.7,2011,612227.71,1225191,1,488.71,590367.22
11,Ile-de-France,91,Essonne,474.56,2013,595063.3,1253931,1,499.7,612227.71
11,Ile-de-France,91,Essonne,453.26,2015,578461.04,1276233,1,474.56,595063.3
11,Ile-de-France,91,Essonne,465.9,2017,603871.0,1296130,1,453.26,578461.04
11,Ile-de-France,91,Essonne,486.35,2019,633056.5,1301659,1,465.9,603871.0
11,Ile-de-France,91,Essonne,510.91,2021,671219.9,1313768,1,486.35,633056.5
11,Ile-de-France,91,Essonne,431.57,2023,577654.62,1338485,1,510.91,671219.9
11,Ile-de-France,92,Hauts-de-seine,405.12,2009,632689.37,1561745,1,,
11,Ile-de-France,92,Hauts-de-seine,398.04,2011,629544.11,1581628,1,405.12,632689.37
11,Ile-de-France,92,Hauts-de-seine,387.0,2013,615867.95,1591403,1,398.04,629544.11
11,Ile-de-France,92,Hauts-de-seine,362.48,2015,580539.9,1601569,1,387.0,615867.95
11,Ile-de-France,92,Hauts-de-seine,371.76,2017,598268.96,1609306,1,362.48,580539.9
11,Ile-de-France,92,Hauts-de-seine,387.8,2019,629928.76,1624357,1,371.76,598268.96
11,Ile-de-France,92,Hauts-de-seine,392.35,2021,641611.86,1635291,1,387.8,629928.76
11,Ile-de-France,92,Hauts-de-seine,349.74,2023,578717.5,1654712,1,392.35,641611.86
11,Ile-de-France,93,Seine-Saint-Denis,429.66,2009,651351.16,1515983,1,,
11,Ile-de-France,93,Seine-Saint-Denis,436.42,2011,667686.61,1529928,1,429.66,651351.16
11,Ile-de-France,93,Seine-Saint-Denis,435.88,2013,676703.36,1552482,1,436.42,667686.61
11,Ile-de-France,93,Seine-Saint-Denis,422.2,2015,672425.51,1592663,1,435.88,676703.36
11,Ile-de-France,93,Seine-Saint-Denis,431.48,2017,700340.69,1623111,1,422.2,672425.51
11,Ile-de-France,93,Seine-Saint-Denis,432.48,2019,711387.69,1644903,1,431.48,700340.69
11,Ile-de-France,93,Seine-Saint-Denis,437.43,2021,729919.27,1668670,1,432.48,711387.69
11,Ile-de-France,93,Seine-Saint-Denis,416.31,2023,709516.49,1704316,1,437.43,729919.27
11,Ile-de-France,94,Val-de-Marne,417.62,2009,550652.03,1318537,1,,
11,Ile-de-France,94,Val-de-Marne,413.47,2011,551443.33,1333702,1,417.62,550652.03
11,Ile-de-France,94,Val-de-Marne,393.52,2013,532824.9,1354005,1,413.47,551443.33
11,Ile-de-France,94,Val-de-Marne,390.66,2015,536132.7,1372389,1,393.52,532824.9
11,Ile-de-France,94,Val-de-Marne,392.74,2017,545098.85,1387926,1,390.66,536132.7
11,Ile-de-France,94,Val-de-Marne,388.04,2019,546022.87,1407124,1,392.74,545098.85
11,Ile-de-France,94,Val-de-Marne,388.32,2021,549621.0,1415367,1,388.04,546022.87
11,Ile-de-France,94,Val-de-Marne,369.53,2023,527286.55,1426929,1,388.32,549621.0
11,Ile-de-France,95,Val-d'Oise,462.92,2009,541103.77,1168892,1,,
11,Ile-de-France,95,Val-d'Oise,470.77,2011,555681.83,1180365,1,462.92,541103.77
11,Ile-de-France,95,Val-d'Oise,460.91,2013,550645.88,1194681,1,470.77,555681.83
11,Ile-de-France,95,Val-d'Oise,454.05,2015,551844.41,1215390,1,460.91,550645.88
11,Ile-de-France,95,Val-d'Oise,453.46,2017,557123.16,1228618,1,454.05,551844.41
11,Ile-de-France,95,Val-d'Oise,463.44,2019,579154.84,1249674,1,453.46,557123.16
11,Ile-de-France,95,Val-d'Oise,509.44,2021,640160.04,1256607,1,463.44,579154.84
11,Ile-de-France,95,Val-d'Oise,440.34,2023,564360.09,1281653,1,509.44,640160.04
97,DROM-COM,971,Guadeloupe,509.86,2009,204734.55,401554,0,,
97,DROM-COM,971,Guadeloupe,584.95,2011,236693.12,404635,0,509.86,204734.55
97,DROM-COM,971,Guadeloupe,652.44,2013,262360.4,402119,0,584.95,236693.12
97,DROM-COM,971,Guadeloupe,533.75,2015,212425.71,397990,0,652.44,262360.4
97,DROM-COM,971,Guadeloupe,668.55,2017,260902.91,390253,0,533.75,212425.71
97,DROM-COM,971,Guadeloupe,639.18,2019,245597.46,384239,0,668.55,260902.91
97,DROM-COM,971,Guadeloupe,612.55,2021,235410.9,384315,0,639.18,245597.46
97,DROM-COM,971,Guadeloupe,622.82,2023,239262.1,384160,0,612.55,235410.9
97,DROM-COM,972,Martinique,454.74,2009,180262.28,396404,1,,
97,DROM-COM,972,Martinique,501.68,2011,196805.08,392291,1,454.74,180262.28
97,DROM-COM,972,Martinique,503.08,2013,193962.88,385551,1,501.68,196805.08
97,DROM-COM,972,Martinique,499.79,2015,190360.41,380877,1,503.08,193962.88
97,DROM-COM,972,Martinique,528.87,2017,197053.3,372594,1,499.79,190360.41
97,DROM-COM,972,Martinique,537.88,2019,196059.87,364508,1,528.87,197053.3
97,DROM-COM,972,Martinique,481.39,2021,173660.09,360749,1,537.88,196059.87
97,DROM-COM,972,Martinique,511.94,2023,184621.01,360630,1,481.39,173660.09
97,DROM-COM,973,Guyane,415.17,2009,93193.09,224469,0,,
97,DROM-COM,973,Guyane,468.58,2011,111309.67,237549,0,415.17,93193.09
97,DROM-COM,973,Guyane,285.11,2013,69600.39,244118,0,468.58,111309.67
97,DROM-COM,973,Guyane,424.13,2015,110215.55,259865,0,285.11,69600.39
97,DROM-COM,973,Guyane,390.01,2017,104795.32,268700,0,424.13,110215.55
97,DROM-COM,973,Guyane,382.02,2019,107606.27,281678,0,390.01,104795.32
97,DROM-COM,974,La Réunion,565.7,2009,461815.75,816364,0,,
97,DROM-COM,974,La Réunion,628.01,2011,520359.49,828581,0,565.7,461815.75
97,DROM-COM,974,La Réunion,604.09,2013,504480.58,835103,0,628.01,520359.49
97,DROM-COM,974,La Réunion,557.46,2015,474250.03,850727,0,604.09,504480.58
97,DROM-COM,974,La Réunion,640.82,2017,547038.39,853659,0,557.46,474250.03
97,DROM-COM,974,La Réunion,567.01,2019,488312.58,861210,0,640.82,547038.39
97,DROM-COM,974,La Réunion,595.06,2021,518386.72,871157,0,567.01,488312.58
97,DROM-COM,974,La Réunion,563.2,2023,501068.76,889679,0,595.06,518386.72
97,DROM-COM,976,Mayotte,248.07,2015,52750.16,212645,2,,
97,DROM-COM,976,Mayotte,221.26,2017,56757.06,256518,2,248.07,52750.16
